Time,Average_Temperature_(F),Dew_Point_(F),Humidity_(%),Wind_Speed_(mph),Pressure_(Hg),Precipitation_(in)
2014-1-1,39.2,22.9,56.2,9.2,29.9,0.00
2014-1-2,32.9,11.9,44.9,3.5,30.1,0.00
2014-1-3,33.8,22.0,67.5,4.0,30.0,0.00
2014-1-4,29.6,12.6,50.7,6.2,30.0,0.00
2014-1-5,28.1,11.5,51.6,3.8,30.2,0.00
2014-1-6,30.1,18.2,63.5,3.0,30.3,0.00
2014-1-7,35.8,24.9,65.6,2.5,30.2,0.00
2014-1-8,33.7,17.4,63.1,10.3,30.1,0.00
2014-1-9,18.7,-9.7,29.3,11.6,30.3,0.00
2014-1-10,22.3,6.9,52.8,3.1,30.4,0.00
2014-1-11,26.0,8.2,54.6,2.9,30.4,0.00
2014-1-12,26.9,7.9,48.5,8.8,30.3,0.00
2014-1-13,19.5,-8.5,30.0,5.8,30.4,0.00
2014-1-14,21.6,1.7,45.1,3.5,30.4,0.00
2014-1-15,23.8,8.4,56.0,2.9,30.4,0.00
2014-1-16,30.4,19.2,64.1,4.0,30.3,0.00
2014-1-17,28.5,16.9,65.9,3.0,30.3,0.00
2014-1-18,27.3,7.8,47.0,9.1,30.3,0.00
2014-1-19,25.4,7.6,49.4,3.9,30.3,0.00
2014-1-20,30.6,24.6,78.1,7.5,30.0,0.00
2014-1-21,22.7,11.3,62.7,7.3,30.2,0.00
2014-1-22,23.3,10.8,60.9,2.7,30.3,0.00
2014-1-23,29.2,18.6,66.8,3.8,30.3,0.00
2014-1-24,39.0,25.9,60.3,5.9,30.1,0.00
2014-1-25,39.1,24.4,73.2,5.4,29.9,0.00
2014-1-26,27.1,8.0,45.6,7.9,30.3,0.00
2014-1-27,29.2,14.9,58.0,4.2,30.2,0.00
2014-1-28,33.6,15.3,60.2,7.2,30.2,0.00
2014-1-29,31.7,10.2,48.2,3.6,30.1,0.00
2014-1-30,38.3,27.2,69.9,5.7,29.9,0.00
2014-1-31,31.3,9.3,42.8,2.7,30.2,0.00
2014-2-1,37.3,27.4,71.8,4.0,29.9,0.00
2014-2-2,38.3,34.4,89.3,5.0,29.8,0.00
2014-2-3,26.5,4.0,40.6,13.0,30.0,0.00
2014-2-4,19.0,-9.7,28.4,12.5,30.2,0.00
2014-2-5,21.9,-2.8,35.8,4.1,30.3,0.00
2014-2-6,27.5,5.1,40.6,5.3,30.2,0.00
2014-2-7,34.1,16.8,50.9,7.8,30.1,0.00
2014-2-8,33.7,24.8,70.8,9.2,30.0,0.00
2014-2-9,28.2,19.8,71.8,8.8,30.1,0.00
2014-2-10,30.4,16.7,59.2,5.8,30.2,0.00
2014-2-11,29.8,12.6,52.0,5.6,30.3,0.00
2014-2-12,31.1,17.0,57.7,5.3,30.3,0.00
2014-2-13,32.7,17.2,55.0,5.7,30.4,0.00
2014-2-14,35.3,17.7,51.3,4.4,30.3,0.00
2014-2-15,33.8,20.2,60.9,4.6,30.3,0.00
2014-2-16,34.1,21.8,64.0,3.6,30.3,0.00
2014-2-17,37.6,20.5,52.5,6.1,30.3,0.00
2014-2-18,35.3,18.7,52.4,6.4,30.3,0.00
2014-2-19,33.4,17.9,55.9,4.9,30.2,0.00
2014-2-20,32.1,20.0,63.6,4.3,30.3,0.00
2014-2-21,31.8,14.1,52.2,3.8,30.4,0.00
2014-2-22,33.2,20.1,63.3,3.8,30.4,0.00
2014-2-23,34.3,21.2,63.2,3.1,30.4,0.00
2014-2-24,36.1,25.5,67.3,3.2,30.3,0.00
2014-2-25,35.6,26.8,75.5,4.0,30.3,0.00
2014-2-26,42.1,26.6,59.5,3.2,30.2,0.00
2014-2-27,42.8,20.5,61.3,5.8,30.1,0.00
2014-2-28,39.7,28.4,66.5,4.3,30.1,0.00
2014-3-1,40.7,26.0,64.4,4.8,30.0,0.00
2014-3-2,38.3,20.5,52.7,8.6,30.1,0.00
2014-3-3,38.2,14.1,41.2,3.8,30.3,0.00
2014-3-4,40.6,17.6,48.9,5.4,30.1,0.00
2014-3-5,35.0,9.3,38.2,14.2,30.1,0.00
2014-3-6,32.2,8.5,38.2,8.2,30.3,0.00
2014-3-7,30.8,5.3,36.2,8.1,30.4,0.00
2014-3-8,34.0,16.1,53.1,4.4,30.2,0.00
2014-3-9,34.5,18.2,61.2,8.4,30.1,0.00
2014-3-10,33.5,10.8,41.3,5.7,30.2,0.00
2014-3-11,37.7,24.0,59.8,6.8,30.2,0.00
2014-3-12,41.8,27.8,68.3,4.9,30.0,0.00
2014-3-13,42.2,20.4,50.7,8.1,29.9,0.00
2014-3-14,36.8,19.4,51.9,6.5,30.0,0.00
2014-3-15,40.7,21.6,60.1,9.8,30.1,0.00
2014-3-16,49.8,36.0,61.8,6.0,30.1,0.00
2014-3-17,52.7,42.7,70.9,9.3,30.0,0.00
2014-3-18,50.3,41.0,71.8,7.8,29.9,0.00
2014-3-19,48.6,32.6,54.8,7.2,30.0,0.00
2014-3-20,44.5,27.9,55.8,11.4,29.9,0.00
2014-3-21,41.6,19.8,48.8,8.0,30.1,0.00
2014-3-22,44.5,28.8,57.5,6.2,30.1,0.00
2014-3-23,46.2,32.6,62.4,6.9,30.3,0.00
2014-3-24,48.7,32.2,54.2,8.0,30.1,0.00
2014-3-25,56.9,45.2,65.9,6.2,29.9,0.00
2014-3-26,57.2,43.6,64.2,6.6,29.8,0.00
2014-3-27,49.4,37.9,67.3,6.0,29.9,0.00
2014-3-28,58.3,41.0,57.3,6.1,30.0,0.00
2014-3-29,57.7,45.5,65.8,5.5,29.7,0.00
2014-3-30,56.2,41.4,60.6,8.7,29.7,0.00
2014-3-31,54.1,31.2,49.6,3.8,29.9,0.00
2014-3-1,46.0,32.0,57.0,2.0,29.9,0.00
2014-4-1,55.5,26.0,40.4,4.5,29.9,0.00
2014-4-2,55.9,23.8,34.3,4.8,30.0,0.00
2014-4-3,48.9,33.7,56.9,6.6,29.9,0.00
2014-4-4,43.0,23.0,49.2,8.5,29.9,0.00
2014-4-5,41.8,24.0,52.3,6.4,29.9,0.00
2014-4-6,45.0,19.4,38.8,10.8,30.1,0.00
2014-4-7,48.2,34.5,61.4,8.9,30.0,0.00
2014-4-8,48.5,34.5,62.9,5.1,30.0,0.00
2014-4-9,46.7,41.6,83.0,4.9,30.0,0.00
2014-4-10,50.6,39.9,68.5,4.8,30.0,0.00
2014-4-11,52.7,41.8,68.4,6.2,30.0,0.00
2014-4-12,54.2,44.9,71.4,4.0,30.0,0.00
2014-4-13,59.8,43.0,57.2,5.1,29.9,0.00
2014-4-14,57.6,39.2,54.2,5.6,30.1,0.00
2014-4-15,50.5,43.6,78.1,4.8,30.1,0.00
2014-4-16,55.5,47.8,76.9,4.6,29.9,0.00
2014-4-17,52.6,41.7,71.6,3.8,29.9,0.00
2014-4-18,58.2,41.7,59.0,5.5,29.9,0.00
2014-4-19,56.0,38.1,53.1,8.8,30.0,0.00
2014-4-20,57.8,33.5,42.0,8.5,30.0,0.00
2014-4-21,56.8,38.0,54.8,5.2,29.9,0.00
2014-4-22,58.1,32.1,45.5,5.6,29.9,0.00
2014-4-23,58.0,37.7,49.8,5.6,30.0,0.00
2014-4-24,62.0,41.7,56.2,3.9,30.1,0.00
2014-4-25,61.8,33.6,42.7,4.2,30.1,0.00
2014-4-26,61.8,35.2,41.6,5.2,30.1,0.00
2014-4-27,59.4,49.6,70.6,4.0,30.1,0.00
2014-4-28,57.4,50.7,77.9,8.0,29.9,0.00
2014-4-29,58.3,46.6,66.5,9.6,29.8,0.00
2014-4-30,60.4,42.3,52.4,6.6,29.8,0.00
2014-4-1,54.0,41.0,62.0,3.0,29.8,0.00
2014-5-1,58.9,42.7,57.0,5.7,29.9,0.00
2014-5-2,58.9,46.1,65.5,9.9,29.8,0.00
2014-5-3,54.4,35.6,50.5,8.1,30.0,0.00
2014-5-4,53.4,35.7,52.9,9.2,29.9,0.00
2014-5-5,51.5,31.2,48.1,11.1,30.0,0.00
2014-5-6,53.5,28.2,43.8,6.0,30.0,0.00
2014-5-7,57.5,32.6,42.0,10.0,29.9,0.00
2014-5-8,57.3,49.3,75.4,8.8,29.8,0.00
2014-5-9,58.8,40.9,58.1,5.7,30.0,0.00
2014-5-10,64.6,41.7,49.0,4.5,30.1,0.00
2014-5-11,65.8,39.8,43.4,13.3,29.8,0.00
2014-5-12,60.7,51.3,72.5,11.9,29.6,0.00
2014-5-13,64.2,51.5,65.3,9.5,29.7,0.00
2014-5-14,65.5,47.3,54.4,6.6,29.6,0.00
2014-5-15,63.7,49.4,61.9,8.0,29.5,0.00
2014-5-16,63.7,42.7,51.7,5.8,29.7,0.00
2014-5-17,65.1,46.5,53.8,4.1,29.8,0.00
2014-5-18,64.4,45.9,54.9,3.4,29.9,0.00
2014-5-19,62.0,49.0,64.8,5.2,29.9,0.00
2014-5-20,67.9,47.3,53.1,5.1,29.7,0.00
2014-5-21,66.6,51.4,59.3,7.7,29.6,0.00
2014-5-22,65.0,51.2,64.5,5.7,29.8,0.00
2014-5-23,67.1,56.2,70.3,5.1,30.0,0.00
2014-5-24,67.8,55.6,67.0,5.0,30.0,0.00
2014-5-25,68.1,56.9,69.1,7.1,29.7,0.00
2014-5-26,66.4,51.8,64.2,8.0,29.5,0.00
2014-5-27,70.9,49.2,48.0,10.5,29.5,0.00
2014-5-28,72.9,55.6,55.2,6.1,29.4,0.00
2014-5-29,70.7,51.1,55.6,6.3,29.6,0.00
2014-5-30,73.8,47.2,43.7,4.6,29.7,0.00
2014-5-31,75.5,55.1,51.7,4.8,29.8,0.00
2014-5-1,70.0,61.0,73.0,1.0,29.9,0.00
2014-6-1,74.0,58.6,60.7,3.8,29.8,0.00
2014-6-2,70.5,62.0,74.8,6.5,29.7,0.00
2014-6-3,65.9,60.4,81.9,7.5,29.6,0.00
2014-6-4,72.6,56.4,59.0,8.3,29.6,0.00
2014-6-5,72.4,54.9,54.9,6.3,29.6,0.00
2014-6-6,73.4,56.5,58.3,5.4,29.6,0.00
2014-6-7,71.8,57.8,62.7,5.3,29.6,0.00
2014-6-8,69.7,58.7,68.5,6.3,29.6,0.00
2014-6-9,70.8,59.3,68.8,4.3,29.7,0.00
2014-6-10,72.7,59.5,64.8,5.4,29.7,0.00
2014-6-11,67.3,59.3,76.3,7.2,29.6,0.00
2014-6-12,68.6,58.0,70.2,4.8,29.5,0.00
2014-6-13,69.4,59.6,71.4,5.8,29.6,0.00
2014-6-14,70.4,58.6,67.4,6.3,29.7,0.00
2014-6-15,72.3,59.5,65.3,5.3,29.7,0.00
2014-6-16,72.4,59.0,65.3,5.0,29.6,0.00
2014-6-17,74.6,62.7,68.8,3.7,29.6,0.00
2014-6-18,74.2,62.0,66.7,5.5,29.6,0.00
2014-6-19,72.0,62.7,72.2,6.8,29.6,0.00
2014-6-20,74.8,62.6,67.4,4.4,29.7,0.00
2014-6-21,73.2,62.2,70.1,8.1,29.7,0.00
2014-6-22,74.6,62.1,65.4,4.5,29.7,0.00
2014-6-23,71.5,62.9,74.7,6.2,29.6,0.00
2014-6-24,72.7,60.7,67.0,4.4,29.6,0.00
2014-6-25,73.1,62.1,69.6,4.4,29.7,0.00
2014-6-26,74.8,61.7,65.3,4.9,29.7,0.00
2014-6-27,74.2,62.8,68.9,5.7,29.6,0.00
2014-6-28,74.3,62.3,67.5,6.9,29.6,0.00
2014-6-29,74.6,61.5,64.7,4.2,29.6,0.00
2014-6-30,75.3,62.8,66.6,5.1,29.7,0.00
2014-6-1,72.0,66.0,83.0,6.0,29.8,0.00
2014-7-1,77.2,64.2,66.0,4.3,29.8,0.00
2014-7-2,76.9,65.6,69.8,5.8,29.7,0.00
2014-7-3,72.1,65.1,79.3,7.8,29.5,0.00
2014-7-4,78.4,61.8,58.5,5.7,29.6,0.00
2014-7-5,76.1,64.6,69.0,4.7,29.8,0.00
2014-7-6,77.5,61.5,60.6,6.2,29.6,0.00
2014-7-7,78.1,62.7,61.5,4.6,29.6,0.00
2014-7-8,76.4,66.1,70.5,3.9,29.6,0.00
2014-7-9,79.3,70.8,75.5,4.9,29.6,0.00
2014-7-10,81.6,66.3,63.4,7.6,29.3,0.00
2014-7-11,78.6,63.7,62.6,5.9,29.5,0.00
2014-7-12,76.6,66.0,70.5,6.3,29.6,0.00
2014-7-13,76.2,66.7,73.2,6.6,29.6,0.00
2014-7-14,77.3,66.0,69.5,6.3,29.7,0.00
2014-7-15,78.8,66.2,66.2,4.8,29.8,0.00
2014-7-16,77.8,65.0,66.1,5.5,29.8,0.00
2014-7-17,77.1,66.8,71.0,6.5,29.8,0.00
2014-7-18,77.0,67.7,73.7,6.4,29.8,0.00
2014-7-19,79.2,70.5,74.5,4.0,29.8,0.00
2014-7-20,79.5,70.8,74.6,4.6,29.8,0.00
2014-7-21,79.3,68.3,69.9,4.4,29.7,0.00
2014-7-22,78.4,70.2,75.6,9.7,29.6,0.00
2014-7-23,75.0,69.0,81.0,8.5,29.6,0.00
2014-7-24,70.5,64.7,82.5,4.5,29.7,0.00
2014-7-25,79.4,71.2,77.8,9.0,29.6,0.00
2014-7-26,74.3,65.6,75.0,17.3,29.6,0.00
2014-7-27,75.7,64.3,69.7,4.8,29.8,0.00
2014-7-28,76.9,66.1,71.2,3.6,29.7,0.00
2014-7-29,78.4,64.8,63.8,5.6,29.7,0.00
2014-7-30,81.1,69.0,67.5,5.9,29.8,0.00
2014-7-31,83.2,71.4,67.8,4.8,29.8,0.00
2014-7-1,81.0,70.0,70.0,5.0,29.8,0.00
2014-8-1,85.6,67.9,57.6,5.0,29.7,0.00
2014-8-2,88.3,65.8,47.6,10.7,29.5,0.00
2014-8-3,80.7,69.5,70.0,10.8,29.4,0.00
2014-8-4,79.0,73.0,83.3,4.2,29.4,0.00
2014-8-5,79.7,71.6,75.5,5.8,29.6,0.00
2014-8-6,75.1,69.1,81.4,4.4,29.6,0.00
2014-8-7,75.1,68.5,80.2,3.3,29.7,0.00
2014-8-8,77.2,62.2,63.4,7.3,29.7,0.00
2014-8-9,78.7,53.9,43.9,9.6,29.6,0.00
2014-8-10,72.2,61.7,70.8,12.0,29.5,0.00
2014-8-11,72.5,62.3,71.5,4.8,29.5,0.00
2014-8-12,76.6,65.9,71.1,4.2,29.6,0.00
2014-8-13,72.0,68.0,88.0,2.5,29.7,0.00
2014-8-14,72.0,62.0,70.5,4.5,29.7,0.00
2014-8-15,74.4,63.6,70.2,3.3,29.7,0.00
2014-8-16,77.0,65.6,69.2,3.5,29.8,0.00
2014-8-17,74.3,67.0,77.7,4.1,29.8,0.00
2014-8-18,71.6,64.2,78.3,6.2,29.8,0.00
2014-8-19,71.0,66.0,85.2,3.6,29.8,0.00
2014-8-20,75.5,67.6,77.3,3.3,29.8,0.00
2014-8-21,73.5,68.3,82.9,6.1,29.7,0.00
2014-8-22,75.4,67.0,76.4,5.1,29.8,0.00
2014-8-23,76.6,67.8,74.5,5.9,29.8,0.00
2014-8-24,75.2,66.0,75.0,3.4,29.7,0.00
2014-8-25,77.6,66.4,69.0,5.5,29.7,0.00
2014-8-26,78.0,64.5,64.0,5.5,29.8,0.00
2014-8-27,75.1,61.9,64.9,5.5,29.9,0.00
2014-8-28,76.7,60.9,59.4,4.8,29.9,0.00
2014-8-29,74.4,63.3,70.0,4.3,29.9,0.00
2014-8-30,74.3,62.5,68.8,4.0,29.9,0.00
2014-8-31,74.4,61.7,66.6,3.1,29.9,0.00
2014-8-1,72.0,63.0,73.0,3.0,29.9,0.00
2014-9-1,75.0,63.0,68.3,3.7,29.9,0.00
2014-9-2,75.0,61.4,64.1,7.2,29.8,0.00
2014-9-3,66.8,62.1,85.1,7.6,29.6,0.00
2014-9-4,71.8,61.7,71.2,4.8,29.7,0.00
2014-9-5,73.3,63.1,71.8,4.9,29.8,0.00
2014-9-6,75.4,61.6,65.7,4.1,29.8,0.00
2014-9-7,74.2,63.8,71.3,3.7,29.7,0.00
2014-9-8,73.6,64.2,74.7,4.0,29.7,0.00
2014-9-9,72.6,57.6,63.3,5.0,29.7,0.00
2014-9-10,70.0,52.7,59.1,3.7,29.8,0.00
2014-9-11,71.2,55.8,61.5,4.1,29.8,0.00
2014-9-12,70.5,58.6,67.4,4.4,29.9,0.00
2014-9-13,72.7,56.6,59.9,5.2,29.9,0.00
2014-9-14,73.2,53.4,51.0,5.8,29.9,0.00
2014-9-15,72.6,59.8,65.9,4.5,29.9,0.00
2014-9-16,67.8,44.1,46.1,5.0,29.9,0.00
2014-9-17,66.7,47.7,51.6,4.5,29.9,0.00
2014-9-18,66.7,49.8,58.5,3.9,30.0,0.00
2014-9-19,67.5,49.9,58.8,3.0,29.9,0.00
2014-9-20,68.3,49.5,55.9,3.6,29.9,0.00
2014-9-21,67.4,52.7,61.0,2.9,29.9,0.00
2014-9-22,68.7,50.9,58.3,4.0,30.0,0.00
2014-9-23,72.2,49.1,47.1,5.5,30.0,0.00
2014-9-24,69.1,56.8,65.6,5.6,29.8,0.00
2014-9-25,70.3,57.0,66.1,3.3,29.8,0.00
2014-9-26,68.2,59.4,74.8,5.9,29.9,0.00
2014-9-27,68.0,60.3,77.0,4.1,29.9,0.00
2014-9-28,69.9,63.2,79.8,3.0,29.9,0.00
2014-9-29,66.7,62.9,87.1,3.3,29.9,0.00
2014-9-30,63.6,53.1,72.7,5.5,29.9,0.00
2014-9-1,64.0,46.0,52.0,9.0,30.0,0.00
2014-10-1,66.0,50.4,57.9,6.0,30.0,0.00
2014-10-2,64.0,57.4,79.1,6.1,29.8,0.00
2014-10-3,61.6,48.1,62.0,7.0,29.8,0.00
2014-10-4,61.3,43.5,56.3,7.8,30.0,0.00
2014-10-5,62.3,39.5,45.3,7.2,30.0,0.00
2014-10-6,59.2,40.8,54.0,5.7,30.0,0.00
2014-10-7,59.6,45.7,63.9,4.1,30.1,0.00
2014-10-8,59.0,44.0,62.6,3.3,30.1,0.00
2014-10-9,61.0,46.8,64.0,3.6,30.1,0.00
2014-10-10,62.2,49.3,67.9,6.8,30.1,0.00
2014-10-11,65.2,45.1,51.6,7.4,30.1,0.00
2014-10-12,65.0,46.4,57.3,4.8,30.0,0.00
2014-10-13,63.7,42.2,47.2,10.3,29.8,0.00
2014-10-14,54.1,33.3,48.5,5.3,30.0,0.00
2014-10-15,53.8,39.8,63.1,3.9,30.0,0.00
2014-10-16,55.9,32.1,48.4,9.6,30.0,0.00
2014-10-17,53.5,33.6,50.3,3.6,30.1,0.00
2014-10-18,57.0,43.3,63.0,3.8,30.2,0.00
2014-10-19,57.5,42.8,64.6,3.2,30.1,0.00
2014-10-20,58.1,53.0,83.2,3.7,30.0,0.00
2014-10-21,58.0,52.6,82.7,5.8,30.0,0.00
2014-10-22,55.5,42.9,63.9,5.5,30.1,0.00
2014-10-23,55.0,41.6,64.1,3.6,30.1,0.00
2014-10-24,57.3,47.4,71.2,5.0,30.1,0.00
2014-10-25,59.7,51.3,75.3,5.1,30.1,0.00
2014-10-26,59.1,52.0,77.7,7.6,30.0,0.00
2014-10-27,49.2,19.7,33.3,8.0,30.1,0.00
2014-10-28,46.8,24.2,46.6,3.3,30.2,0.00
2014-10-29,50.6,32.5,57.3,2.5,30.2,0.00
2014-10-30,53.0,36.6,59.3,2.6,30.2,0.00
2014-10-31,57.7,41.7,57.5,5.7,30.0,0.00
2014-10-1,61.0,45.0,55.0,5.0,29.9,0.00
2014-11-1,61.7,45.6,56.6,4.7,29.9,0.00
2014-11-2,54.8,31.1,44.4,12.4,29.8,0.00
2014-11-3,47.7,19.0,33.9,8.0,30.0,0.00
2014-11-4,49.0,33.4,58.8,3.7,30.1,0.00
2014-11-5,51.5,38.7,64.6,3.7,30.1,0.00
2014-11-6,55.2,39.5,57.9,5.9,30.1,0.00
2014-11-7,46.2,27.5,50.8,3.0,30.2,0.00
2014-11-8,45.8,32.9,62.2,3.8,30.2,0.00
2014-11-9,47.7,25.7,46.3,5.3,30.2,0.00
2014-11-10,45.3,28.0,57.8,2.8,30.1,0.00
2014-11-11,45.8,35.5,69.4,3.5,30.0,0.00
2014-11-12,44.9,24.8,48.2,14.8,29.9,0.00
2014-11-13,32.5,4.6,31.9,9.9,30.2,0.00
2014-11-14,38.1,21.8,54.6,4.0,30.2,0.00
2014-11-15,36.4,14.8,46.0,3.9,30.3,0.00
2014-11-16,42.8,20.6,43.5,3.3,30.2,0.00
2014-11-17,41.7,31.4,69.2,6.0,30.2,0.00
2014-11-18,37.8,21.0,56.3,3.8,30.3,0.00
2014-11-19,37.6,22.4,59.4,2.6,30.3,0.00
2014-11-20,43.1,29.4,62.1,2.6,30.2,0.00
2014-11-21,51.0,35.6,56.7,7.8,30.1,0.00
2014-11-22,50.2,44.4,81.5,4.7,30.2,0.00
2014-11-23,45.2,39.8,82.3,5.3,30.2,0.00
2014-11-24,46.7,35.0,66.2,5.4,30.1,0.00
2014-11-25,47.7,30.5,54.2,7.8,30.0,0.00
2014-11-26,49.6,31.5,51.7,4.9,30.0,0.00
2014-11-27,47.1,38.6,73.8,3.0,30.1,0.00
2014-11-28,47.0,41.5,81.3,7.8,29.9,0.00
2014-11-29,42.3,36.2,80.3,2.9,30.1,0.00
2014-11-30,46.2,42.2,85.2,5.0,29.9,0.00
2014-12-1,30.7,17.3,58.7,18.8,29.9,0.00
2014-12-2,22.6,-2.0,35.8,10.4,30.1,0.00
2014-12-3,25.2,14.5,64.9,4.8,30.1,0.00
2014-12-4,24.0,1.9,40.4,6.5,30.1,0.00
2014-12-5,20.4,-1.5,39.0,8.9,30.1,0.00
2014-12-6,22.5,2.5,43.9,6.2,30.2,0.00
2014-12-7,25.7,4.0,40.6,3.3,30.3,0.00
2014-12-8,27.8,8.6,49.4,7.0,30.4,0.00
2014-12-9,25.0,4.5,45.0,2.8,30.5,0.00
2014-12-10,31.8,18.6,60.2,3.7,30.2,0.00
2014-12-11,30.1,16.3,58.2,9.2,30.1,0.00
2014-12-12,25.3,14.5,65.7,4.3,30.1,0.00
2014-12-13,22.4,2.9,45.0,6.7,30.2,0.00
2014-12-14,25.7,9.8,53.8,3.4,30.3,0.00
2014-12-15,33.3,26.2,76.7,6.9,30.2,0.00
2014-12-16,25.8,8.9,51.6,14.2,30.0,0.00
2014-12-17,17.7,-8.2,31.6,15.9,30.2,0.00
2014-12-18,16.6,-9.4,32.6,6.2,30.5,0.00
2014-12-19,26.7,6.8,45.3,6.4,30.3,0.00
2014-12-20,31.6,17.1,58.6,10.8,30.1,0.00
2014-12-21,20.9,5.2,52.3,4.7,30.2,0.00
2014-12-22,22.6,10.1,59.8,4.6,30.2,0.00
2014-12-23,29.6,16.3,58.6,5.8,30.2,0.00
2014-12-24,36.0,22.9,61.3,6.8,30.1,0.00
2014-12-25,27.7,7.3,44.0,7.1,30.3,0.00
2014-12-26,24.0,3.0,42.4,3.5,30.4,0.00
2014-12-27,25.6,8.7,52.0,3.6,30.4,0.00
2014-12-28,29.8,16.3,58.2,4.3,30.1,0.00
2014-12-29,34.7,24.6,67.4,4.3,29.9,0.00
2014-12-30,32.4,20.0,63.6,4.5,30.0,0.00
2014-12-31,22.0,-7.5,27.5,18.0,30.1,0.00
2015-1-1,18.5,-8.3,31.0,11.9,30.2,0.00
2015-1-2,21.0,-1.2,40.9,7.2,30.2,0.00
2015-1-3,24.5,7.8,51.5,4.8,30.2,0.00
2015-1-4,35.3,23.1,62.8,4.4,30.0,0.00
2015-1-5,34.5,24.0,69.3,3.4,30.0,0.00
2015-1-6,27.9,8.3,48.5,14.1,29.9,0.00
2015-1-7,21.8,-8.9,26.2,8.7,30.1,0.00
2015-1-8,21.0,0.0,42.7,4.0,30.2,0.00
2015-1-9,25.0,11.4,59.5,3.6,30.2,0.00
2015-1-10,28.3,14.3,59.3,4.3,30.2,0.00
2015-1-11,30.8,12.1,49.2,10.9,30.2,0.00
2015-1-12,24.8,0.0,36.3,5.2,30.5,0.00
2015-1-13,27.7,7.0,46.3,3.6,30.5,0.00
2015-1-14,33.4,11.6,42.0,3.8,30.3,0.00
2015-1-15,33.1,15.4,49.9,4.5,30.1,0.00
2015-1-16,33.3,22.1,64.9,9.0,30.1,0.00
2015-1-17,25.1,2.8,39.9,7.9,30.3,0.00
2015-1-18,30.2,18.4,63.8,8.1,30.1,0.00
2015-1-19,32.7,20.1,60.8,8.3,30.1,0.00
2015-1-20,26.7,13.3,58.5,4.1,30.3,0.00
2015-1-21,32.2,19.0,60.0,4.7,30.1,0.00
2015-1-22,35.6,20.4,55.8,6.0,30.0,0.00
2015-1-23,31.8,21.5,67.6,4.3,30.1,0.00
2015-1-24,36.5,22.5,58.7,4.0,30.2,0.00
2015-1-25,35.3,27.4,73.5,5.5,30.2,0.00
2015-1-26,37.9,30.8,76.6,7.0,30.1,0.00
2015-1-27,25.8,7.1,46.6,11.1,30.2,0.00
2015-1-28,22.4,2.3,42.8,5.8,30.3,0.00
2015-1-29,26.8,12.6,56.3,4.9,30.3,0.00
2015-1-30,26.6,6.0,43.3,8.5,30.2,0.00
2015-1-31,22.3,-0.1,39.3,5.2,30.4,0.00
2015-2-1,24.2,3.0,43.9,3.9,30.4,0.00
2015-2-2,27.4,9.2,51.6,3.2,30.4,0.00
2015-2-3,29.5,16.8,62.2,3.2,30.3,0.00
2015-2-4,29.6,19.4,69.5,3.3,30.2,0.00
2015-2-5,29.2,13.6,53.7,4.9,30.1,0.00
2015-2-6,29.7,14.8,55.8,3.5,30.2,0.00
2015-2-7,33.5,20.3,60.4,5.8,30.1,0.00
2015-2-8,16.4,-14.2,25.7,14.9,30.3,0.00
2015-2-9,23.9,5.1,46.8,9.0,30.3,0.00
2015-2-10,33.8,20.0,58.4,7.3,30.0,0.00
2015-2-11,33.6,17.0,57.2,4.4,29.9,0.00
2015-2-12,28.6,-2.8,27.9,11.0,29.9,0.00
2015-2-13,28.5,3.8,37.5,6.8,30.1,0.00
2015-2-14,34.1,23.0,64.8,7.1,30.1,0.00
2015-2-15,44.9,28.1,55.6,7.0,30.1,0.00
2015-2-16,42.8,34.3,73.5,7.2,29.9,0.00
2015-2-17,36.4,26.4,67.8,7.4,29.9,0.00
2015-2-18,34.2,21.9,61.7,5.0,30.1,0.00
2015-2-19,33.7,19.4,58.4,3.0,30.2,0.00
2015-2-20,38.0,21.4,56.9,3.6,30.2,0.00
2015-2-21,42.1,32.0,68.7,7.7,30.0,0.00
2015-2-22,39.5,30.1,71.1,8.0,29.9,0.00
2015-2-23,32.9,17.3,54.3,4.4,30.1,0.00
2015-2-24,33.9,19.6,58.5,3.1,30.0,0.00
2015-2-25,39.7,19.5,50.0,5.9,30.0,0.00
2015-2-26,35.2,17.8,52.6,11.9,30.0,0.00
2015-2-27,28.8,0.7,30.8,9.8,30.3,0.00
2015-2-28,35.3,11.3,39.2,4.9,30.3,0.00
2015-3-1,36.8,17.8,47.1,8.9,30.1,0.00
2015-3-2,36.5,14.4,43.8,6.3,30.0,0.00
2015-3-3,37.3,22.6,59.0,9.6,29.9,0.00
2015-3-4,29.0,2.8,33.7,13.4,30.1,0.00
2015-3-5,29.3,7.1,43.1,3.9,30.3,0.00
2015-3-6,33.7,11.0,45.6,4.3,30.2,0.00
2015-3-7,34.6,15.7,52.6,3.5,30.2,0.00
2015-3-8,41.1,20.0,49.5,3.6,30.1,0.00
2015-3-9,38.0,14.7,40.7,13.5,30.1,0.00
2015-3-10,26.3,-8.3,22.4,17.6,30.2,0.00
2015-3-11,32.1,8.6,38.4,10.4,30.1,0.00
2015-3-12,34.6,8.9,35.5,7.8,30.1,0.00
2015-3-13,40.6,16.8,44.4,7.0,30.0,0.00
2015-3-14,36.7,8.5,34.0,4.2,30.2,0.00
2015-3-15,38.5,16.9,47.9,4.1,30.1,0.00
2015-3-16,44.3,23.0,51.4,3.4,30.1,0.00
2015-3-17,47.2,29.3,54.0,3.6,30.0,0.00
2015-3-18,49.6,35.2,60.1,5.9,29.8,0.00
2015-3-19,50.6,30.6,49.8,5.0,29.9,0.00
2015-3-20,51.9,22.3,40.0,4.3,30.0,0.00
2015-3-21,49.3,21.7,36.0,5.1,29.9,0.00
2015-3-22,45.6,18.5,42.4,8.5,30.0,0.00
2015-3-23,39.6,1.3,21.0,10.7,30.2,0.00
2015-3-24,38.9,6.0,29.1,4.5,30.4,0.00
2015-3-25,40.3,18.4,48.6,6.0,30.5,0.00
2015-3-26,42.3,23.0,51.7,4.2,30.5,0.00
2015-3-27,44.2,25.4,55.1,3.6,30.3,0.00
2015-3-28,44.9,14.7,40.8,4.7,30.0,0.00
2015-3-29,48.3,32.4,55.3,3.7,30.0,0.00
2015-3-30,49.1,33.3,63.3,4.2,30.0,0.00
2015-3-31,52.9,44.6,74.3,4.1,29.9,0.00
2015-3-1,54.0,50.0,88.0,0.0,29.9,0.00
2015-4-1,55.5,41.0,63.4,7.9,29.9,0.00
2015-4-2,60.9,45.1,57.6,17.0,29.6,0.00
2015-4-3,50.8,43.3,76.1,7.9,29.6,0.00
2015-4-4,55.8,33.2,45.8,8.2,29.9,0.00
2015-4-5,52.4,37.9,58.9,5.0,29.9,0.00
2015-4-6,50.3,31.8,53.1,8.3,30.0,0.00
2015-4-7,46.1,28.3,50.6,7.6,30.1,0.00
2015-4-8,44.7,25.8,50.5,6.5,30.2,0.00
2015-4-9,46.1,23.7,45.9,4.2,30.2,0.00
2015-4-10,48.6,24.7,45.7,6.8,30.1,0.00
2015-4-11,52.1,27.7,45.8,4.3,30.2,0.00
2015-4-12,55.8,22.7,35.1,6.7,30.2,0.00
2015-4-13,55.3,27.3,37.6,11.8,30.0,0.00
2015-4-14,45.6,37.8,74.5,5.9,29.7,0.00
2015-4-15,50.7,38.9,67.0,5.7,29.7,0.00
2015-4-16,51.1,38.1,61.5,10.4,29.7,0.00
2015-4-17,49.5,26.0,43.2,7.8,29.9,0.00
2015-4-18,54.5,21.2,34.5,3.9,29.9,0.00
2015-4-19,58.5,45.2,64.2,5.5,29.7,0.00
2015-4-20,54.7,42.3,65.2,9.0,29.6,0.00
2015-4-21,54.7,30.6,47.0,6.0,29.9,0.00
2015-4-22,55.2,32.0,42.3,6.1,30.0,0.00
2015-4-23,55.2,29.4,43.5,7.2,30.1,0.00
2015-4-24,59.2,28.9,36.0,6.4,30.1,0.00
2015-4-25,56.8,24.7,36.1,5.6,30.1,0.00
2015-4-26,60.7,29.1,33.3,6.9,30.0,0.00
2015-4-27,62.5,36.0,41.7,6.5,30.0,0.00
2015-4-28,67.2,37.2,37.9,4.4,29.9,0.00
2015-4-29,62.6,51.8,67.8,5.8,29.8,0.00
2015-4-30,67.1,49.3,56.3,4.7,29.8,0.00
2015-4-1,63.0,50.0,63.0,2.0,29.9,0.00
2015-5-1,65.9,49.6,58.1,5.8,29.9,0.00
2015-5-2,65.7,50.6,60.3,4.1,29.8,0.00
2015-5-3,63.9,57.5,80.3,4.7,29.7,0.00
2015-5-4,60.9,34.4,48.1,9.7,29.7,0.00
2015-5-5,55.7,26.0,37.2,7.3,29.8,0.00
2015-5-6,57.4,27.0,34.3,6.6,29.8,0.00
2015-5-7,59.9,31.6,42.9,5.1,29.8,0.00
2015-5-8,59.8,46.4,63.7,4.2,29.9,0.00
2015-5-9,62.4,43.8,51.5,5.1,29.8,0.00
2015-5-10,63.4,34.7,39.5,4.4,30.0,0.00
2015-5-11,63.7,46.3,55.6,9.1,29.8,0.00
2015-5-12,57.1,46.8,69.3,16.2,29.4,0.00
2015-5-13,62.2,44.2,52.4,12.4,29.5,0.00
2015-5-14,67.2,50.8,56.0,8.8,29.7,0.00
2015-5-15,64.9,53.9,69.0,5.8,29.7,0.00
2015-5-16,63.0,34.6,38.8,6.9,29.8,0.00
2015-5-17,62.7,35.6,44.2,5.8,29.8,0.00
2015-5-18,62.7,42.8,51.2,6.3,29.6,0.00
2015-5-19,58.9,52.0,77.2,8.2,29.6,0.00
2015-5-20,59.8,41.9,56.7,6.4,29.7,0.00
2015-5-21,64.0,41.1,46.3,6.8,29.9,0.00
2015-5-22,65.7,42.0,45.7,7.0,29.9,0.00
2015-5-23,66.2,38.3,42.5,4.3,29.8,0.00
2015-5-24,66.9,37.9,40.6,4.6,29.7,0.00
2015-5-25,66.3,45.4,51.6,5.3,29.7,0.00
2015-5-26,66.0,46.5,55.4,6.1,29.8,0.00
2015-5-27,65.9,40.5,53.3,4.6,29.8,0.00
2015-5-28,72.5,36.7,31.9,5.0,29.7,0.00
2015-5-29,71.9,44.3,40.0,4.4,29.7,0.00
2015-5-30,67.0,53.6,62.4,5.7,29.6,0.00
2015-5-31,68.6,48.7,54.7,5.2,29.7,0.00
2015-5-1,59.0,48.0,67.0,3.0,29.7,0.00
2015-6-1,68.5,44.0,45.3,5.0,29.8,0.00
2015-6-2,70.9,46.5,45.5,5.2,29.7,0.00
2015-6-3,72.5,38.1,34.0,11.4,29.7,0.00
2015-6-4,72.1,39.8,34.9,5.5,29.7,0.00
2015-6-5,67.0,46.3,47.7,5.8,29.6,0.00
2015-6-6,70.9,47.9,46.3,6.5,29.8,0.00
2015-6-7,72.0,49.5,48.0,6.7,29.9,0.00
2015-6-8,70.4,53.9,57.3,4.5,29.7,0.00
2015-6-9,70.0,57.8,66.7,5.6,29.7,0.00
2015-6-10,72.8,58.2,64.5,4.4,29.7,0.00
2015-6-11,73.8,57.9,61.6,7.9,29.5,0.00
2015-6-12,73.2,59.0,64.6,8.7,29.5,0.00
2015-6-13,75.8,58.7,55.5,7.6,29.6,0.00
2015-6-14,70.1,60.5,73.0,6.4,29.7,0.00
2015-6-15,73.2,61.3,67.2,4.6,29.7,0.00
2015-6-16,74.1,61.5,65.6,5.2,29.6,0.00
2015-6-17,73.4,61.4,66.4,4.9,29.6,0.00
2015-6-18,75.3,59.2,59.3,5.5,29.6,0.00
2015-6-19,75.5,55.6,50.4,7.5,29.7,0.00
2015-6-20,67.5,61.3,80.1,4.7,29.7,0.00
2015-6-21,68.8,58.5,73.8,4.0,29.8,0.00
2015-6-22,72.9,59.8,64.8,5.8,29.8,0.00
2015-6-23,73.5,60.3,64.4,5.1,29.8,0.00
2015-6-24,76.3,60.2,60.3,5.1,29.7,0.00
2015-6-25,75.5,61.9,64.0,4.5,29.6,0.00
2015-6-26,69.4,59.6,72.1,12.0,29.4,0.00
2015-6-27,75.5,57.1,54.5,6.0,29.6,0.00
2015-6-28,75.9,62.2,63.6,5.0,29.7,0.00
2015-6-29,75.5,61.9,64.6,5.5,29.7,0.00
2015-6-30,75.9,63.7,67.4,5.2,29.4,0.00
2015-6-1,72.0,63.0,73.0,5.0,29.3,0.00
2015-7-1,74.5,60.0,62.9,9.3,29.3,0.00
2015-7-2,74.2,59.4,62.5,7.2,29.5,0.00
2015-7-3,71.9,57.9,63.7,5.3,29.6,0.00
2015-7-4,72.8,55.3,57.2,5.1,29.7,0.00
2015-7-5,73.0,57.5,60.5,5.6,29.8,0.00
2015-7-6,74.7,57.9,58.8,4.8,29.8,0.00
2015-7-7,76.2,57.8,55.3,5.0,29.8,0.00
2015-7-8,75.1,60.3,60.1,9.9,29.8,0.00
2015-7-9,79.3,60.6,53.2,8.2,29.9,0.00
2015-7-10,81.8,66.4,61.5,5.6,29.9,0.00
2015-7-11,83.9,69.2,63.1,4.9,29.7,0.00
2015-7-12,77.3,72.1,83.1,10.9,29.4,0.00
2015-7-13,74.0,69.0,83.8,14.9,29.2,0.00
2015-7-14,77.0,66.8,72.1,7.1,29.5,0.00
2015-7-15,79.8,66.3,67.0,6.0,29.6,0.00
2015-7-16,77.5,55.0,46.6,10.4,29.7,0.00
2015-7-17,73.8,51.3,46.3,8.0,29.6,0.00
2015-7-18,75.2,57.8,55.8,5.8,29.7,0.00
2015-7-19,75.7,66.4,75.0,4.5,29.8,0.00
2015-7-20,79.2,69.8,73.7,5.0,29.7,0.00
2015-7-21,79.4,71.8,77.8,5.1,29.6,0.00
2015-7-22,79.8,71.2,75.0,4.2,29.6,0.00
2015-7-23,79.3,70.7,75.2,4.3,29.6,0.00
2015-7-24,76.0,72.5,88.9,5.5,29.6,0.00
2015-7-25,77.1,73.1,88.5,9.3,29.6,0.00
2015-7-26,77.8,72.7,85.2,5.9,29.7,0.00
2015-7-27,77.9,72.9,85.5,3.8,29.7,0.00
2015-7-28,80.7,72.0,76.1,5.1,29.7,0.00
2015-7-29,80.0,73.8,81.8,6.5,29.6,0.00
2015-7-30,83.7,74.6,75.9,7.9,29.7,0.00
2015-7-31,81.6,73.5,77.7,6.1,29.7,0.00
2015-7-1,79.0,72.0,78.0,5.0,29.7,0.00
2015-8-1,82.6,72.9,73.5,7.2,29.7,0.00
2015-8-2,79.6,73.0,81.5,7.1,29.7,0.00
2015-8-3,82.2,72.5,73.0,13.8,29.7,0.00
2015-8-4,82.0,72.1,72.1,13.5,29.6,0.00
2015-8-5,82.4,71.3,71.1,8.6,29.7,0.00
2015-8-6,82.4,71.7,71.3,3.9,29.8,0.00
2015-8-7,83.9,71.9,67.6,4.6,29.9,0.00
2015-8-8,80.1,72.7,79.3,6.9,29.9,0.00
2015-8-9,79.2,71.3,77.2,5.1,29.8,0.00
2015-8-10,78.8,69.8,74.4,4.4,29.7,0.00
2015-8-11,79.9,70.7,74.4,4.0,29.7,0.00
2015-8-12,80.0,68.4,70.0,4.6,29.6,0.00
2015-8-13,78.0,69.1,74.6,5.5,29.6,0.00
2015-8-14,77.9,68.1,73.4,4.6,29.6,0.00
2015-8-15,80.0,71.1,74.7,4.4,29.7,0.00
2015-8-16,78.0,69.3,75.7,5.9,29.7,0.00
2015-8-17,77.9,65.4,68.5,4.4,29.7,0.00
2015-8-18,82.3,63.7,54.2,6.5,29.8,0.00
2015-8-19,78.7,70.1,74.7,3.9,29.8,0.00
2015-8-20,76.8,69.7,78.8,3.9,29.7,0.00
2015-8-21,77.0,69.8,78.2,3.3,29.6,0.00
2015-8-22,77.3,66.5,70.3,5.6,29.6,0.00
2015-8-23,77.8,66.8,70.8,3.5,29.7,0.00
2015-8-24,78.9,65.7,65.6,7.5,29.7,0.00
2015-8-25,72.5,61.6,68.5,12.3,29.6,0.00
2015-8-26,71.4,58.9,64.7,7.1,29.6,0.00
2015-8-27,75.5,60.3,62.4,5.7,29.6,0.00
2015-8-28,73.6,62.5,69.2,3.9,29.7,0.00
2015-8-29,73.6,62.5,70.1,2.9,29.7,0.00
2015-8-30,75.3,64.5,71.0,3.9,29.8,0.00
2015-8-31,75.6,65.4,73.4,4.6,29.8,0.00
2015-8-1,77.0,64.0,65.0,7.0,29.8,0.00
2015-9-1,78.8,62.2,57.6,7.2,29.8,0.00
2015-9-2,76.4,63.2,64.0,7.2,29.8,0.00
2015-9-3,75.0,64.6,71.9,5.6,29.8,0.00
2015-9-4,75.3,63.7,69.5,3.5,29.8,0.00
2015-9-5,71.8,65.5,80.5,5.3,29.8,0.00
2015-9-6,71.4,58.0,64.0,7.9,29.7,0.00
2015-9-7,71.8,53.0,53.9,5.2,29.8,0.00
2015-9-8,72.0,48.1,48.4,5.5,29.9,0.00
2015-9-9,70.5,46.4,44.1,8.1,30.0,0.00
2015-9-10,69.8,55.9,62.6,4.8,29.9,0.00
2015-9-11,69.5,61.1,75.5,5.9,29.8,0.00
2015-9-12,66.5,53.0,65.3,3.5,29.7,0.00
2015-9-13,66.3,47.8,55.3,5.5,29.9,0.00
2015-9-14,70.6,56.2,62.6,4.5,30.1,0.00
2015-9-15,71.7,52.3,56.8,4.6,30.1,0.00
2015-9-16,69.8,45.3,43.2,6.0,30.0,0.00
2015-9-17,69.6,46.8,47.5,6.6,30.0,0.00
2015-9-18,68.3,50.5,55.5,4.5,30.0,0.00
2015-9-19,69.7,55.7,64.7,4.4,29.9,0.00
2015-9-20,70.5,60.3,72.1,3.8,29.8,0.00
2015-9-21,70.3,58.0,69.9,3.3,29.9,0.00
2015-9-22,71.9,55.0,60.6,3.7,29.9,0.00
2015-9-23,70.7,55.9,61.2,3.6,29.8,0.00
2015-9-24,69.8,58.1,70.8,3.9,29.7,0.00
2015-9-25,71.4,58.7,67.1,3.8,29.7,0.00
2015-9-26,69.1,55.6,67.3,5.0,29.8,0.00
2015-9-27,67.6,43.5,47.0,4.2,29.9,0.00
2015-9-28,67.5,47.4,53.6,4.1,30.0,0.00
2015-9-29,68.4,42.2,42.2,6.4,30.1,0.00
2015-9-30,71.0,45.8,41.6,7.1,30.1,0.00
2015-9-1,70.0,48.0,46.0,3.0,29.9,0.00
2015-10-1,63.5,55.4,76.0,9.6,29.5,0.00
2015-10-2,60.0,41.4,52.1,8.7,29.9,0.00
2015-10-3,68.0,45.1,47.2,10.0,30.0,0.00
2015-10-4,58.3,35.5,45.8,4.0,30.2,0.00
2015-10-5,61.8,43.3,56.0,3.6,30.2,0.00
2015-10-6,62.1,48.1,65.2,3.3,30.1,0.00
2015-10-7,63.8,53.8,73.2,3.6,30.0,0.00
2015-10-8,66.4,53.2,67.1,5.1,29.8,0.00
2015-10-9,61.3,35.9,43.4,7.3,29.8,0.00
2015-10-10,55.4,44.1,67.0,6.7,29.8,0.00
2015-10-11,51.9,41.4,69.1,6.3,29.8,0.00
2015-10-12,54.6,39.5,59.9,6.4,30.0,0.00
2015-10-13,57.5,44.9,66.3,4.7,30.1,0.00
2015-10-14,58.9,48.2,72.8,3.2,30.1,0.00
2015-10-15,61.3,49.4,69.3,3.2,30.1,0.00
2015-10-16,61.3,54.1,79.7,3.3,30.1,0.00
2015-10-17,61.1,50.3,72.7,3.0,30.1,0.00
2015-10-18,60.0,50.8,75.6,3.1,30.1,0.00
2015-10-19,60.9,51.9,76.3,3.9,30.0,0.00
2015-10-20,63.0,53.5,74.2,2.9,30.0,0.00
2015-10-21,61.4,54.2,79.3,3.1,30.0,0.00
2015-10-22,61.7,51.4,71.2,4.8,30.1,0.00
2015-10-23,61.3,49.5,66.3,4.9,30.0,0.00
2015-10-24,62.3,49.7,67.5,7.2,30.0,0.00
2015-10-25,58.1,40.4,55.1,4.4,30.1,0.00
2015-10-26,58.3,44.8,62.5,6.6,30.0,0.00
2015-10-27,55.4,45.0,70.8,8.4,29.8,0.00
2015-10-28,49.1,32.0,54.9,5.1,30.0,0.00
2015-10-29,46.1,28.0,53.5,5.8,30.1,0.00
2015-10-30,42.0,18.8,42.3,8.0,30.3,0.00
2015-10-31,40.5,20.3,49.7,4.8,30.4,0.00
2015-10-1,36.0,25.0,65.0,2.0,30.3,0.00
2015-11-1,42.5,27.2,57.4,2.9,30.2,0.00
2015-11-2,50.0,36.5,61.6,3.7,30.1,0.00
2015-11-3,48.9,39.0,72.7,1.9,30.3,0.00
2015-11-4,48.8,39.1,74.0,2.8,30.3,0.00
2015-11-5,53.9,42.1,67.5,3.7,30.2,0.00
2015-11-6,55.5,42.6,64.5,9.4,30.2,0.00
2015-11-7,52.3,46.2,80.1,11.8,30.1,0.00
2015-11-8,53.2,48.7,86.3,6.0,29.9,0.00
2015-11-9,51.6,46.0,82.4,6.9,30.0,0.00
2015-11-10,48.9,42.1,78.2,3.7,30.1,0.00
2015-11-11,48.0,41.0,78.2,3.2,30.3,0.00
2015-11-12,54.8,43.3,67.5,5.2,30.3,0.00
2015-11-13,53.5,44.3,72.7,6.1,30.1,0.00
2015-11-14,54.1,51.6,90.4,3.8,29.9,0.00
2015-11-15,54.6,50.4,87.2,2.4,30.0,0.00
2015-11-16,55.0,48.4,79.7,5.5,30.0,0.00
2015-11-17,55.5,44.9,69.6,7.5,30.0,0.00
2015-11-18,52.2,41.8,68.4,7.6,30.1,0.00
2015-11-19,48.5,38.3,68.7,5.8,30.1,0.00
2015-11-20,48.4,40.1,74.1,3.3,30.2,0.00
2015-11-21,45.6,32.3,61.7,4.9,30.3,0.00
2015-11-22,47.8,37.1,67.8,5.8,30.3,0.00
2015-11-23,47.1,40.8,79.1,6.8,30.2,0.00
2015-11-24,41.3,30.7,67.0,8.4,30.2,0.00
2015-11-25,38.3,31.9,78.0,6.6,30.0,0.00
2015-11-26,29.4,16.1,57.9,12.0,29.9,0.00
2015-11-27,28.1,12.4,52.3,8.6,30.2,0.00
2015-11-28,33.1,21.6,63.1,3.5,30.3,0.00
2015-11-29,38.6,31.8,76.7,6.7,30.3,0.00
2015-11-30,39.6,29.8,70.0,4.3,30.2,0.00
2015-12-1,36.4,25.6,67.9,3.0,30.2,0.00
2015-12-2,45.2,34.8,68.2,8.4,29.9,0.00
2015-12-3,32.4,24.4,73.5,12.7,29.9,0.00
2015-12-4,30.6,17.8,59.9,6.2,30.1,0.00
2015-12-5,37.6,21.6,55.3,6.4,30.2,0.00
2015-12-6,32.6,13.1,46.0,4.4,30.3,0.00
2015-12-7,32.7,18.8,58.8,4.3,30.4,0.00
2015-12-8,34.3,20.6,60.2,2.5,30.4,0.00
2015-12-9,37.3,25.2,65.0,3.1,30.4,0.00
2015-12-10,42.0,36.0,79.9,5.0,30.0,0.00
2015-12-11,42.8,27.0,58.0,8.4,30.0,0.00
2015-12-12,39.8,21.0,49.4,5.6,30.2,0.00
2015-12-13,37.4,23.9,61.0,4.3,30.2,0.00
2015-12-14,38.9,31.8,76.4,3.9,30.1,0.00
2015-12-15,41.0,29.5,65.0,6.7,30.0,0.00
2015-12-16,32.0,13.5,47.8,10.5,30.0,0.00
2015-12-17,24.3,1.3,38.3,9.4,30.3,0.00
2015-12-18,27.3,13.0,56.6,3.4,30.4,0.00
2015-12-19,29.6,17.9,64.7,3.6,30.5,0.00
2015-12-20,33.0,21.3,64.9,2.7,30.4,0.00
2015-12-21,36.9,26.6,68.0,5.1,30.2,0.00
2015-12-22,33.3,26.0,75.9,3.7,30.3,0.00
2015-12-23,39.6,26.3,60.6,5.7,30.1,0.00
2015-12-24,34.2,22.6,63.7,6.1,30.1,0.00
2015-12-25,30.4,7.5,41.8,5.3,30.1,0.00
2015-12-26,33.4,24.7,70.9,7.9,30.0,0.00
2015-12-27,21.1,-2.0,37.2,7.6,30.4,0.00
2015-12-28,20.4,-0.3,42.8,4.5,30.5,0.00
2015-12-29,25.3,8.1,50.3,2.6,30.4,0.00
2015-12-30,33.5,20.6,61.5,6.3,30.3,0.00
2015-12-31,33.4,26.0,75.7,4.2,30.4,0.00
2016-1-1,32.9,23.8,71.0,4.0,30.4,0.00
2016-1-2,42.4,33.2,70.1,6.6,30.1,0.00
2016-1-3,41.3,36.7,84.3,2.6,30.0,0.00
2016-1-4,35.9,18.3,53.3,7.8,30.2,0.00
2016-1-5,27.5,1.8,35.5,6.8,30.3,0.00
2016-1-6,29.2,14.4,55.3,4.2,30.2,0.00
2016-1-7,26.2,7.7,48.6,5.3,30.2,0.00
2016-1-8,25.5,8.3,52.1,4.8,30.2,0.00
2016-1-9,27.4,13.5,58.0,4.3,30.2,0.00
2016-1-10,32.9,10.0,43.2,6.9,30.2,0.00
2016-1-11,24.3,1.2,38.8,6.6,30.3,0.00
2016-1-12,22.0,1.8,44.3,5.6,30.2,0.00
2016-1-13,24.4,12.8,62.5,4.4,30.1,0.00
2016-1-14,23.5,7.1,52.8,3.6,30.1,0.00
2016-1-15,29.6,13.1,55.4,3.7,30.1,0.00
2016-1-16,31.3,20.5,65.0,4.6,30.1,0.00
2016-1-17,32.0,23.2,71.3,3.8,30.0,0.00
2016-1-18,22.8,7.4,55.0,13.8,29.9,0.00
2016-1-19,10.7,-11.0,39.0,14.0,30.1,0.00
2016-1-20,13.0,-7.4,41.0,4.1,30.4,0.00
2016-1-21,18.8,0.6,47.2,5.1,30.3,0.00
2016-1-22,17.5,-5.4,38.9,5.8,30.4,0.00
2016-1-23,13.7,-11.9,31.9,12.7,30.4,0.00
2016-1-24,6.1,-14.4,39.4,9.1,30.2,0.00
2016-1-25,14.2,-5.1,44.8,3.5,30.3,0.00
2016-1-26,26.8,14.1,60.6,4.8,30.3,0.00
2016-1-27,29.2,14.1,56.1,4.1,30.3,0.00
2016-1-28,27.1,12.8,59.7,4.0,30.3,0.00
2016-1-29,32.8,10.5,42.0,5.9,30.2,0.00
2016-1-30,30.0,17.1,60.7,5.5,30.2,0.00
2016-1-31,24.6,-1.0,34.3,5.5,30.3,0.00
2016-2-1,20.0,-5.0,34.6,6.0,30.4,0.00
2016-2-2,20.5,-1.7,41.4,4.0,30.3,0.00
2016-2-3,24.7,7.7,52.6,3.9,30.3,0.00
2016-2-4,29.1,12.6,55.5,5.3,30.2,0.00
2016-2-5,26.5,3.1,40.6,4.8,30.2,0.00
2016-2-6,25.6,1.4,37.2,6.5,30.2,0.00
2016-2-7,23.8,5.0,49.0,3.4,30.1,0.00
2016-2-8,33.6,19.3,57.1,10.0,29.9,0.00
2016-2-9,33.4,13.5,46.7,8.8,30.1,0.00
2016-2-10,32.8,11.3,49.0,2.9,30.2,0.00
2016-2-11,43.9,13.3,35.2,6.8,30.2,0.00
2016-2-12,48.2,44.0,85.6,6.8,30.0,0.00
2016-2-13,51.3,48.6,89.3,6.8,29.6,0.00
2016-2-14,30.1,19.9,66.8,14.5,29.8,0.00
2016-2-15,22.5,2.1,43.1,10.2,30.1,0.00
2016-2-16,28.5,17.3,64.2,9.0,30.0,0.00
2016-2-17,31.8,13.6,50.3,6.4,30.2,0.00
2016-2-18,38.2,26.7,64.3,11.4,30.1,0.00
2016-2-19,34.7,21.6,60.9,3.8,30.2,0.00
2016-2-20,33.4,11.3,44.2,8.8,30.2,0.00
2016-2-21,30.5,5.0,36.0,6.2,30.3,0.00
2016-2-22,34.0,9.2,38.7,3.3,30.4,0.00
2016-2-23,33.1,17.9,60.2,8.5,30.3,0.00
2016-2-24,26.3,4.7,41.0,6.5,30.4,0.00
2016-2-25,30.8,13.3,49.8,7.7,30.4,0.00
2016-2-26,34.9,10.7,41.4,4.6,30.3,0.00
2016-2-27,37.1,22.7,59.6,4.6,30.2,0.00
2016-2-28,30.9,24.8,78.9,6.6,30.1,0.00
2016-2-29,25.6,6.5,45.3,10.8,30.2,0.00
2016-3-1,27.0,5.9,41.6,5.5,30.3,0.00
2016-3-2,36.5,25.4,65.0,10.5,30.2,0.00
2016-3-3,46.2,33.7,62.6,7.0,30.1,0.00
2016-3-4,55.0,36.3,51.0,6.2,30.1,0.00
2016-3-5,53.6,48.5,83.8,8.5,30.0,0.00
2016-3-6,45.0,30.2,60.0,5.9,30.0,0.00
2016-3-7,44.0,27.0,53.0,4.8,30.0,0.00
2016-3-8,37.3,14.0,40.3,8.9,30.1,0.00
2016-3-9,32.1,7.8,37.0,12.4,30.2,0.00
2016-3-10,30.8,4.1,33.8,10.7,30.3,0.00
2016-3-11,31.0,7.9,40.2,6.8,30.2,0.00
2016-3-12,35.8,19.5,52.3,9.4,30.2,0.00
2016-3-13,38.2,26.0,62.5,4.8,30.2,0.00
2016-3-14,39.1,23.9,60.3,6.0,30.1,0.00
2016-3-15,39.4,16.7,44.6,4.7,30.2,0.00
2016-3-16,43.9,23.3,50.6,5.0,30.1,0.00
2016-3-17,44.5,25.1,48.8,3.0,30.1,0.00
2016-3-18,53.3,35.4,53.3,4.3,29.9,0.00
2016-3-19,49.1,34.3,60.6,6.3,29.9,0.00
2016-3-20,47.0,30.7,57.3,4.7,30.1,0.00
2016-3-21,46.2,30.4,58.3,5.4,30.1,0.00
2016-3-22,43.8,29.2,61.6,5.6,30.1,0.00
2016-3-23,44.8,26.3,57.6,8.6,30.0,0.00
2016-3-24,42.2,14.2,34.6,7.5,30.2,0.00
2016-3-25,41.6,21.6,48.8,4.2,30.2,0.00
2016-3-26,40.9,24.5,56.5,5.1,30.1,0.00
2016-3-27,41.8,24.3,56.8,5.0,30.1,0.00
2016-3-28,45.7,23.4,50.0,5.5,30.1,0.00
2016-3-29,51.4,35.4,55.9,12.1,30.0,0.00
2016-3-30,51.3,31.1,52.6,6.1,30.1,0.00
2016-3-31,52.0,21.6,40.9,3.8,30.0,0.00
2016-3-1,50.0,14.0,24.0,2.0,29.9,0.00
2016-4-1,55.0,22.6,34.8,5.0,29.9,0.00
2016-4-2,56.3,30.1,39.8,5.8,30.0,0.00
2016-4-3,50.9,39.7,67.2,5.6,30.0,0.00
2016-4-4,51.4,25.2,46.3,6.0,29.9,0.00
2016-4-5,49.8,25.7,45.8,6.6,29.9,0.00
2016-4-6,55.8,28.3,42.3,4.2,29.9,0.00
2016-4-7,56.2,42.8,65.1,8.2,29.7,0.00
2016-4-8,49.5,41.9,75.3,7.7,29.9,0.00
2016-4-9,50.1,44.2,80.6,5.2,29.9,0.00
2016-4-10,54.2,46.3,77.0,4.6,29.9,0.00
2016-4-11,52.1,29.4,46.2,4.9,30.0,0.00
2016-4-12,56.3,33.5,44.4,6.5,29.9,0.00
2016-4-13,58.0,45.8,65.9,4.4,29.7,0.00
2016-4-14,50.9,44.6,79.8,6.0,29.8,0.00
2016-4-15,55.5,34.3,53.6,5.8,30.0,0.00
2016-4-16,57.2,41.6,60.0,7.6,29.7,0.00
2016-4-17,53.6,42.2,66.7,15.5,29.5,0.00
2016-4-18,52.4,38.1,61.2,9.3,29.9,0.00
2016-4-19,51.6,35.8,58.3,5.3,30.1,0.00
2016-4-20,56.8,39.7,56.7,5.8,30.0,0.00
2016-4-21,56.0,50.1,81.0,7.6,29.7,0.00
2016-4-22,55.9,50.1,81.7,6.8,29.7,0.00
2016-4-23,55.0,36.1,56.5,4.6,29.9,0.00
2016-4-24,55.8,31.0,50.2,4.6,29.9,0.00
2016-4-25,59.4,27.8,38.2,4.3,30.0,0.00
2016-4-26,65.5,38.6,42.8,4.8,29.9,0.00
2016-4-27,62.8,34.1,36.8,6.6,29.8,0.00
2016-4-28,60.5,32.8,37.5,6.0,29.7,0.00
2016-4-29,59.7,41.0,52.7,5.5,29.8,0.00
2016-4-30,59.6,38.6,48.5,10.7,29.8,0.00
2016-4-1,57.0,37.0,48.0,3.0,29.8,0.00
2016-5-1,65.1,35.8,36.9,8.6,29.9,0.00
2016-5-2,69.0,53.8,61.0,8.1,29.8,0.00
2016-5-3,58.6,53.1,81.6,18.7,29.3,0.00
2016-5-4,59.8,36.9,44.2,18.8,29.5,0.00
2016-5-5,62.8,39.1,48.9,6.1,29.8,0.00
2016-5-6,61.4,56.2,83.6,5.7,29.7,0.00
2016-5-7,60.4,44.1,59.5,5.9,29.9,0.00
2016-5-8,64.2,42.0,52.2,5.4,29.9,0.00
2016-5-9,65.7,45.0,51.3,5.4,29.8,0.00
2016-5-10,58.3,50.5,75.4,7.8,29.7,0.00
2016-5-11,59.8,45.8,61.8,6.0,29.7,0.00
2016-5-12,62.5,49.5,64.4,8.2,29.8,0.00
2016-5-13,63.1,45.5,57.0,7.3,30.0,0.00
2016-5-14,67.0,43.3,46.9,5.3,30.1,0.00
2016-5-15,63.8,52.2,68.1,8.0,29.8,0.00
2016-5-16,60.4,43.4,57.4,8.8,29.7,0.00
2016-5-17,63.8,44.1,52.4,6.1,29.9,0.00
2016-5-18,68.4,44.8,49.2,4.5,30.0,0.00
2016-5-19,71.9,43.9,43.5,4.4,30.0,0.00
2016-5-20,71.8,47.0,46.3,4.1,30.0,0.00
2016-5-21,72.8,36.0,34.6,4.9,30.0,0.00
2016-5-22,73.2,44.8,42.8,4.4,29.9,0.00
2016-5-23,70.8,47.9,46.6,4.8,29.9,0.00
2016-5-24,63.0,55.1,76.2,7.4,29.7,0.00
2016-5-25,66.9,54.7,66.3,7.8,29.7,0.00
2016-5-26,66.1,55.8,70.1,5.5,29.8,0.00
2016-5-27,67.4,54.7,67.5,4.6,29.8,0.00
2016-5-28,68.2,52.3,59.6,4.5,29.7,0.00
2016-5-29,67.8,52.6,60.6,4.6,29.6,0.00
2016-5-30,69.3,54.3,62.2,4.4,29.7,0.00
2016-5-31,69.0,56.6,66.9,5.7,29.7,0.00
2016-5-1,63.0,57.0,82.0,5.0,29.7,0.00
2016-6-1,72.0,48.7,51.6,6.4,29.7,0.00
2016-6-2,72.4,49.4,48.0,4.5,29.8,0.00
2016-6-3,70.3,50.0,52.2,4.9,29.8,0.00
2016-6-4,69.0,52.0,56.2,4.8,29.7,0.00
2016-6-5,73.2,51.4,52.1,4.7,29.8,0.00
2016-6-6,72.7,51.6,49.4,7.0,29.8,0.00
2016-6-7,71.1,59.0,66.3,4.4,29.8,0.00
2016-6-8,69.4,58.5,69.4,4.7,29.8,0.00
2016-6-9,71.7,58.6,66.6,5.3,29.8,0.00
2016-6-10,73.0,57.5,60.3,4.6,29.8,0.00
2016-6-11,73.3,63.4,71.3,5.3,29.8,0.00
2016-6-12,73.4,66.2,79.5,4.7,29.6,0.00
2016-6-13,71.7,61.6,71.2,5.6,29.5,0.00
2016-6-14,72.0,57.5,62.7,6.4,29.5,0.00
2016-6-15,69.4,61.1,75.7,9.4,29.5,0.00
2016-6-16,69.8,59.3,69.7,7.4,29.5,0.00
2016-6-17,73.4,58.8,62.7,8.4,29.7,0.00
2016-6-18,73.7,58.8,60.7,6.3,29.8,0.00
2016-6-19,72.9,62.0,69.2,5.0,29.7,0.00
2016-6-20,74.3,63.3,69.5,4.7,29.7,0.00
2016-6-21,76.9,63.7,66.2,4.2,29.6,0.00
2016-6-22,75.5,65.5,72.4,5.8,29.6,0.00
2016-6-23,75.0,65.1,72.9,5.2,29.6,0.00
2016-6-24,74.1,65.0,74.3,5.8,29.5,0.00
2016-6-25,73.4,57.5,59.2,8.1,29.5,0.00
2016-6-26,75.5,56.7,54.4,6.8,29.7,0.00
2016-6-27,75.0,55.8,55.2,5.5,29.8,0.00
2016-6-28,74.8,61.7,65.3,4.5,29.8,0.00
2016-6-29,76.3,60.9,61.6,6.2,29.8,0.00
2016-6-30,75.6,67.3,75.5,7.0,29.8,0.00
2016-6-1,75.0,70.0,83.0,8.0,29.7,0.00
2016-7-1,75.5,70.0,82.8,6.8,29.6,0.00
2016-7-2,74.8,66.3,76.3,6.4,29.6,0.00
2016-7-3,74.3,62.2,67.3,3.9,29.7,0.00
2016-7-4,71.7,65.0,80.4,7.1,29.7,0.00
2016-7-5,74.4,71.2,89.7,10.0,29.7,0.00
2016-7-6,73.1,63.6,74.3,4.6,29.9,0.00
2016-7-7,74.4,63.8,71.4,3.0,29.9,0.00
2016-7-8,78.9,65.5,66.7,4.9,29.8,0.00
2016-7-9,79.8,67.4,68.0,5.1,29.6,0.00
2016-7-10,79.5,67.6,68.3,4.0,29.6,0.00
2016-7-11,81.1,68.4,66.8,4.5,29.6,0.00
2016-7-12,78.2,64.8,65.1,5.2,29.5,0.00
2016-7-13,77.6,68.0,72.5,5.2,29.5,0.00
2016-7-14,80.2,68.2,67.5,5.2,29.5,0.00
2016-7-15,79.9,61.6,54.0,7.8,29.6,0.00
2016-7-16,70.6,65.3,84.3,11.4,29.4,0.00
2016-7-17,72.2,65.0,79.5,8.3,29.6,0.00
2016-7-18,75.2,64.6,71.0,4.4,29.8,0.00
2016-7-19,77.9,66.4,70.6,4.5,29.8,0.00
2016-7-20,81.8,68.8,65.7,3.4,29.8,0.00
2016-7-21,83.2,66.3,57.3,7.5,29.8,0.00
2016-7-22,84.1,68.5,60.0,6.6,29.7,0.00
2016-7-23,83.5,71.6,67.9,6.2,29.7,0.00
2016-7-24,82.0,73.6,77.2,5.0,29.8,0.00
2016-7-25,82.6,73.5,75.3,5.0,29.8,0.00
2016-7-26,81.4,72.1,74.1,7.2,29.7,0.00
2016-7-27,82.1,72.9,73.8,10.5,29.6,0.00
2016-7-28,81.0,72.5,76.6,7.4,29.6,0.00
2016-7-29,77.7,72.1,82.9,6.5,29.7,0.00
2016-7-30,83.3,74.1,76.2,4.1,29.8,0.00
2016-7-31,83.0,75.0,78.3,4.5,29.8,0.00
2016-7-1,81.0,75.0,84.0,3.0,29.8,0.00
2016-8-1,81.7,73.3,77.1,4.8,29.8,0.00
2016-8-2,80.3,71.7,76.4,3.4,29.7,0.00
2016-8-3,82.6,71.0,69.3,3.5,29.7,0.00
2016-8-4,84.8,72.0,66.8,4.1,29.7,0.00
2016-8-5,86.3,73.2,67.5,4.4,29.7,0.00
2016-8-6,85.5,73.5,68.4,4.4,29.7,0.00
2016-8-7,84.8,68.8,60.5,4.5,29.7,0.00
2016-8-8,84.8,72.2,67.1,4.8,29.7,0.00
2016-8-9,83.8,71.9,68.4,5.4,29.7,0.00
2016-8-10,84.0,71.3,68.5,4.3,29.8,0.00
2016-8-11,84.8,72.8,68.9,4.8,29.8,0.00
2016-8-12,84.5,74.3,73.5,4.5,29.7,0.00
2016-8-13,84.7,73.8,72.2,5.3,29.6,0.00
2016-8-14,84.9,74.7,72.7,5.3,29.6,0.00
2016-8-15,83.3,72.2,71.3,4.6,29.5,0.00
2016-8-16,84.5,70.5,63.9,4.8,29.5,0.00
2016-8-17,83.5,71.4,69.0,4.9,29.6,0.00
2016-8-18,84.8,70.4,64.6,4.1,29.6,0.00
2016-8-19,85.2,70.9,62.7,4.4,29.6,0.00
2016-8-20,85.8,69.6,61.9,5.7,29.6,0.00
2016-8-21,86.0,68.1,58.0,5.5,29.6,0.00
2016-8-22,84.4,70.7,65.4,6.3,29.6,0.00
2016-8-23,84.6,69.1,60.3,7.1,29.6,0.00
2016-8-24,83.7,68.1,61.8,5.0,29.7,0.00
2016-8-25,80.2,69.5,71.1,5.8,29.6,0.00
2016-8-26,74.2,57.2,61.1,9.1,29.7,0.00
2016-8-27,73.0,45.4,39.5,7.5,29.8,0.00
2016-8-28,72.0,52.5,51.3,10.0,29.6,0.00
2016-8-29,71.5,50.9,50.4,7.0,29.6,0.00
2016-8-30,69.9,52.4,53.9,9.1,29.3,0.00
2016-8-31,65.4,57.2,74.8,12.6,29.2,0.00
2016-8-1,64.0,59.0,83.0,2.0,29.4,0.00
2016-9-1,73.2,62.3,71.1,11.1,29.4,0.00
2016-9-2,75.1,63.4,68.3,10.4,29.6,0.00
2016-9-3,75.8,63.1,64.8,6.2,29.7,0.00
2016-9-4,75.6,67.3,76.5,5.0,29.8,0.00
2016-9-5,77.7,65.3,67.8,5.0,29.8,0.00
2016-9-6,74.7,64.8,72.9,5.2,29.7,0.00
2016-9-7,74.4,65.3,74.8,4.0,29.6,0.00
2016-9-8,72.3,63.3,74.3,4.8,29.7,0.00
2016-9-9,74.0,64.3,74.0,3.8,29.7,0.00
2016-9-10,74.0,63.1,71.1,3.6,29.8,0.00
2016-9-11,75.0,63.1,66.8,5.1,29.9,0.00
2016-9-12,74.0,62.5,69.0,4.8,29.9,0.00
2016-9-13,73.5,60.6,65.8,4.6,30.0,0.00
2016-9-14,76.0,63.4,66.0,4.2,30.0,0.00
2016-9-15,72.9,62.9,72.0,3.9,30.0,0.00
2016-9-16,73.9,63.1,70.7,3.1,29.9,0.00
2016-9-17,74.0,59.5,62.8,7.2,29.8,0.00
2016-9-18,72.6,55.9,58.0,6.3,29.8,0.00
2016-9-19,70.3,51.8,54.0,7.5,29.9,0.00
2016-9-20,68.0,41.5,42.3,7.4,30.0,0.00
2016-9-21,66.6,41.7,43.8,4.8,30.1,0.00
2016-9-22,70.3,46.9,45.3,4.5,30.0,0.00
2016-9-23,68.0,54.3,64.7,3.2,30.0,0.00
2016-9-24,69.2,56.6,67.6,3.6,29.9,0.00
2016-9-25,70.8,57.5,66.0,3.3,30.0,0.00
2016-9-26,72.8,59.2,64.5,4.5,29.9,0.00
2016-9-27,68.7,63.1,82.4,4.2,29.9,0.00
2016-9-28,67.1,62.9,86.5,4.0,29.9,0.00
2016-9-29,68.0,54.9,64.0,7.6,29.9,0.00
2016-9-30,68.7,55.5,63.0,4.0,29.9,0.00
2016-9-1,64.0,59.0,83.0,2.0,29.9,0.00
2016-10-1,68.8,58.3,71.3,2.9,30.0,0.00
2016-10-2,65.4,59.4,80.4,6.0,29.9,0.00
2016-10-3,71.8,62.4,73.4,8.4,29.7,0.00
2016-10-4,70.0,53.7,61.1,6.0,29.9,0.00
2016-10-5,69.7,55.3,61.3,7.4,29.8,0.00
2016-10-6,62.3,46.5,58.8,5.9,30.1,0.00
2016-10-7,66.3,53.7,64.9,7.2,30.1,0.00
2016-10-8,63.4,50.6,67.1,8.6,29.8,0.00
2016-10-9,52.1,28.7,42.5,10.0,30.1,0.00
2016-10-10,54.7,30.9,43.5,4.4,30.1,0.00
2016-10-11,58.2,44.5,62.5,4.0,30.1,0.00
2016-10-12,58.0,42.5,61.3,5.8,30.1,0.00
2016-10-13,56.3,34.4,48.1,4.4,30.1,0.00
2016-10-14,59.5,43.5,63.8,2.6,30.2,0.00
2016-10-15,60.9,50.1,71.6,3.2,30.2,0.00
2016-10-16,62.4,52.7,70.9,3.7,30.1,0.00
2016-10-17,61.7,53.6,75.5,3.6,30.0,0.00
2016-10-18,59.5,47.5,66.0,3.0,30.1,0.00
2016-10-19,61.4,50.8,70.5,3.5,30.0,0.00
2016-10-20,61.3,50.0,70.5,3.8,30.0,0.00
2016-10-21,65.0,46.3,51.6,8.7,30.1,0.00
2016-10-22,64.4,47.8,55.8,5.9,29.9,0.00
2016-10-23,58.2,45.1,62.6,8.6,29.9,0.00
2016-10-24,57.5,40.9,56.0,5.3,30.0,0.00
2016-10-25,58.3,49.3,72.7,7.3,29.8,0.00
2016-10-26,54.6,46.8,76.0,3.8,30.0,0.00
2016-10-27,56.1,42.5,62.0,5.5,30.1,0.00
2016-10-28,58.9,45.8,63.1,6.9,30.0,0.00
2016-10-29,46.5,22.5,38.9,10.5,30.2,0.00
2016-10-30,43.0,17.4,41.5,2.6,30.3,0.00
2016-10-31,43.0,29.5,60.1,6.2,30.3,0.00
2016-10-1,36.0,16.0,44.0,12.0,30.4,0.00
2016-11-1,34.4,13.5,43.2,7.6,30.4,0.00
2016-11-2,37.6,21.5,55.2,3.5,30.3,0.00
2016-11-3,48.0,34.4,62.5,4.3,30.1,0.00
2016-11-4,54.1,41.0,61.4,9.6,29.9,0.00
2016-11-5,59.2,49.2,68.8,7.8,29.9,0.00
2016-11-6,58.1,44.0,62.4,8.1,30.1,0.00
2016-11-7,56.5,43.5,62.5,8.0,30.1,0.00
2016-11-8,40.2,24.0,53.8,12.8,30.2,0.00
2016-11-9,34.1,12.5,43.0,5.9,30.4,0.00
2016-11-10,44.1,26.5,51.3,5.4,30.1,0.00
2016-11-11,48.9,33.6,58.9,8.0,30.0,0.00
2016-11-12,51.8,37.8,59.6,6.8,30.1,0.00
2016-11-13,58.0,47.4,69.4,5.5,30.1,0.00
2016-11-14,55.2,48.7,79.0,4.2,29.9,0.00
2016-11-15,41.7,20.8,44.3,9.3,30.1,0.00
2016-11-16,39.3,21.9,53.3,3.2,30.2,0.00
2016-11-17,45.5,33.0,63.5,3.0,30.2,0.00
2016-11-18,47.6,35.1,65.1,3.4,30.0,0.00
2016-11-19,54.6,43.5,67.1,4.8,29.9,0.00
2016-11-20,48.5,28.5,50.8,8.0,30.1,0.00
2016-11-21,46.7,27.3,47.4,6.2,30.0,0.00
2016-11-22,36.6,14.7,41.5,12.9,30.1,0.00
2016-11-23,28.3,5.9,39.9,9.1,30.3,0.00
2016-11-24,27.5,5.0,40.0,5.8,30.3,0.00
2016-11-25,32.4,13.7,47.6,3.1,30.3,0.00
2016-11-26,34.3,23.8,67.4,4.9,30.2,0.00
2016-11-27,39.1,32.0,75.9,3.6,30.1,0.00
2016-11-28,34.6,18.0,53.7,6.7,30.3,0.00
2016-11-29,32.9,13.8,48.7,3.0,30.4,0.00
2016-11-30,41.3,27.5,59.2,4.3,30.3,0.00
2016-12-1,41.3,21.2,47.1,10.1,30.2,0.00
2016-12-2,33.4,16.5,52.5,3.2,30.4,0.00
2016-12-3,38.0,27.0,66.4,2.4,30.3,0.00
2016-12-4,41.0,28.7,64.4,3.7,30.0,0.00
2016-12-5,44.0,32.9,66.2,9.0,30.0,0.00
2016-12-6,30.2,5.4,37.4,7.3,30.3,0.00
2016-12-7,36.1,21.1,55.7,6.1,30.1,0.00
2016-12-8,35.2,23.5,64.0,4.8,30.0,0.00
2016-12-9,35.4,23.5,64.1,9.0,30.0,0.00
2016-12-10,28.0,10.9,50.7,5.2,30.3,0.00
2016-12-11,28.1,9.3,48.7,3.0,30.3,0.00
2016-12-12,33.3,15.8,51.0,3.6,30.2,0.00
2016-12-13,36.7,22.4,57.0,6.3,30.1,0.00
2016-12-14,29.4,13.8,52.3,7.6,30.1,0.00
2016-12-15,23.6,0.7,37.9,8.5,30.2,0.00
2016-12-16,23.5,0.6,38.3,5.0,30.3,0.00
2016-12-17,38.0,23.7,57.0,6.1,30.3,0.00
2016-12-18,42.3,29.6,61.8,6.5,30.3,0.00
2016-12-19,45.9,32.7,60.7,5.3,30.2,0.00
2016-12-20,41.9,33.4,72.1,4.4,30.3,0.00
2016-12-21,43.9,35.2,73.6,5.5,30.1,0.00
2016-12-22,44.3,38.8,81.5,9.2,29.7,0.00
2016-12-23,29.8,18.5,62.7,10.8,30.1,0.00
2016-12-24,28.0,15.0,58.8,5.0,30.4,0.00
2016-12-25,31.3,21.4,68.0,3.8,30.4,0.00
2016-12-26,35.3,26.0,68.8,4.9,30.1,0.00
2016-12-27,29.7,13.1,52.8,11.2,30.1,0.00
2016-12-28,24.0,6.2,47.4,4.3,30.4,0.00
2016-12-29,25.5,8.2,50.4,8.3,30.4,0.00
2016-12-30,24.7,9.1,53.5,2.5,30.4,0.00
2016-12-31,32.5,21.3,64.3,3.0,30.3,0.00
2017-1-1,37.0,27.4,69.2,4.2,30.3,0.00
2017-1-2,41.5,33.0,72.4,5.9,30.1,0.00
2017-1-3,33.2,21.7,64.9,3.4,30.2,0.00
2017-1-4,36.1,22.9,61.8,4.5,30.2,0.00
2017-1-5,37.5,22.0,54.5,5.8,30.3,0.00
2017-1-6,41.8,25.3,52.8,5.2,30.3,0.00
2017-1-7,36.4,27.2,70.6,3.5,30.1,0.00
2017-1-8,41.5,29.8,64.7,5.1,29.9,0.00
2017-1-9,36.2,21.3,56.2,9.4,30.0,0.00
2017-1-10,26.4,6.8,45.5,8.3,30.2,0.00
2017-1-11,25.5,1.8,37.1,4.5,30.2,0.00
2017-1-12,28.9,8.3,44.9,8.3,30.0,0.00
2017-1-13,21.5,4.4,48.7,6.9,30.0,0.00
2017-1-14,18.2,-7.3,33.1,13.1,30.2,0.00
2017-1-15,20.0,-3.0,37.5,6.4,30.3,0.00
2017-1-16,23.7,3.5,46.2,2.8,30.3,0.00
2017-1-17,25.5,10.8,56.7,2.5,30.4,0.00
2017-1-18,29.8,19.2,65.4,3.1,30.4,0.00
2017-1-19,27.8,14.2,59.2,3.8,30.2,0.00
2017-1-20,25.0,13.6,63.7,8.6,30.1,0.00
2017-1-21,22.3,14.5,72.7,4.8,30.2,0.00
2017-1-22,18.2,1.0,47.6,10.9,30.3,0.00
2017-1-23,14.8,-3.1,45.7,5.0,30.4,0.00
2017-1-24,16.0,0.8,53.5,2.8,30.5,0.00
2017-1-25,18.8,4.6,56.6,2.3,30.5,0.00
2017-1-26,27.6,17.2,65.7,7.3,30.3,0.00
2017-1-27,29.8,12.2,50.1,11.2,30.2,0.00
2017-1-28,26.4,7.8,48.2,3.8,30.3,0.00
2017-1-29,32.3,23.9,72.8,5.7,30.0,0.00
2017-1-30,24.0,11.2,58.7,8.9,30.2,0.00
2017-1-31,19.8,2.8,49.8,4.2,30.3,0.00
2017-2-1,24.1,6.2,49.2,7.9,30.3,0.00
2017-2-2,26.4,9.1,49.7,4.8,30.4,0.00
2017-2-3,33.2,22.6,67.2,3.2,30.3,0.00
2017-2-4,31.5,23.5,72.6,3.1,30.1,0.00
2017-2-5,34.4,26.4,73.4,5.6,29.9,0.00
2017-2-6,29.4,11.3,48.3,10.5,30.1,0.00
2017-2-7,27.3,8.1,45.1,4.0,30.2,0.00
2017-2-8,27.7,10.0,49.3,4.7,30.1,0.00
2017-2-9,24.3,3.9,42.2,10.9,29.9,0.00
2017-2-10,21.4,-0.9,38.4,11.9,30.0,0.00
2017-2-11,24.5,3.3,40.8,10.0,30.2,0.00
2017-2-12,27.1,10.0,50.6,3.8,30.3,0.00
2017-2-13,29.8,16.8,60.7,2.9,30.4,0.00
2017-2-14,30.8,11.3,48.2,4.5,30.4,0.00
2017-2-15,32.3,15.9,54.2,4.7,30.4,0.00
2017-2-16,39.4,27.0,62.0,6.2,30.1,0.00
2017-2-17,35.6,19.5,54.8,11.8,30.1,0.00
2017-2-18,27.7,7.0,43.5,6.5,30.2,0.00
2017-2-19,34.9,21.8,61.6,8.2,30.0,0.00
2017-2-20,31.1,15.2,54.5,15.1,29.9,0.00
2017-2-21,28.4,6.0,40.7,4.1,30.3,0.00
2017-2-22,34.1,24.9,70.6,7.0,30.0,0.00
2017-2-23,30.3,13.2,50.3,13.6,30.0,0.00
2017-2-24,29.8,11.3,47.8,5.4,30.2,0.00
2017-2-25,32.8,20.6,63.7,5.2,30.1,0.00
2017-2-26,34.7,19.4,58.9,5.3,30.2,0.00
2017-2-27,36.0,15.4,46.3,3.9,30.3,0.00
2017-2-28,39.2,17.9,45.0,4.6,30.2,0.00
2017-3-1,40.6,25.0,57.1,6.2,30.0,0.00
2017-3-2,35.3,20.6,58.0,9.0,29.9,0.00
2017-3-3,36.6,21.3,54.8,5.8,30.1,0.00
2017-3-4,38.5,26.4,64.3,3.0,30.0,0.00
2017-3-5,38.1,29.8,73.2,3.9,30.0,0.00
2017-3-6,32.8,9.8,40.7,12.1,30.0,0.00
2017-3-7,30.5,5.6,36.8,10.2,30.0,0.00
2017-3-8,31.5,13.4,48.4,7.9,29.9,0.00
2017-3-9,36.9,17.5,47.4,8.8,29.8,0.00
2017-3-10,37.6,15.0,45.0,3.8,30.0,0.00
2017-3-11,40.3,22.2,53.3,4.0,30.1,0.00
2017-3-12,44.7,31.5,62.2,4.7,30.1,0.00
2017-3-13,42.4,23.6,50.8,6.8,30.0,0.00
2017-3-14,41.4,15.5,38.5,10.2,30.0,0.00
2017-3-15,40.4,14.3,37.1,5.6,30.1,0.00
2017-3-16,39.8,19.5,48.6,3.7,30.1,0.00
2017-3-17,41.7,23.0,53.3,4.1,30.1,0.00
2017-3-18,46.2,22.3,42.8,4.8,30.2,0.00
2017-3-19,45.6,26.7,55.1,3.1,30.2,0.00
2017-3-20,46.5,29.7,55.1,3.5,30.1,0.00
2017-3-21,43.9,23.4,49.5,8.0,29.9,0.00
2017-3-22,43.3,18.0,39.1,4.3,30.1,0.00
2017-3-23,46.0,22.9,43.0,5.2,30.1,0.00
2017-3-24,44.3,24.0,46.2,4.8,30.1,0.00
2017-3-25,43.9,22.1,45.1,5.6,30.0,0.00
2017-3-26,43.2,26.9,55.1,5.5,30.0,0.00
2017-3-27,43.8,30.4,60.6,6.6,30.1,0.00
2017-3-28,41.6,28.4,63.6,4.5,30.1,0.00
2017-3-29,45.0,29.4,58.3,4.5,30.1,0.00
2017-3-30,47.0,31.1,58.1,4.5,30.1,0.00
2017-3-31,47.5,37.3,67.9,5.6,30.0,0.00
2017-3-1,43.0,32.0,66.0,6.0,30.0,0.00
2017-4-1,45.5,31.0,60.5,5.8,29.9,0.00
2017-4-2,46.1,28.6,55.5,5.0,30.0,0.00
2017-4-3,48.6,29.5,50.9,6.2,30.1,0.00
2017-4-4,52.7,31.5,49.0,4.7,30.2,0.00
2017-4-5,53.0,40.3,63.7,7.0,30.0,0.00
2017-4-6,51.0,45.4,81.1,7.2,29.8,0.00
2017-4-7,54.2,43.9,68.9,5.2,29.9,0.00
2017-4-8,50.7,43.3,76.5,4.9,29.9,0.00
2017-4-9,55.7,42.6,65.2,6.6,29.9,0.00
2017-4-10,60.2,23.8,27.3,9.0,29.8,0.00
2017-4-11,58.0,34.0,42.8,8.3,29.6,0.00
2017-4-12,52.5,11.6,20.3,11.4,29.9,0.00
2017-4-13,52.3,33.5,54.3,6.8,29.9,0.00
2017-4-14,54.1,38.1,56.6,11.3,29.8,0.00
2017-4-15,60.1,45.2,60.0,5.8,29.9,0.00
2017-4-16,61.8,45.1,57.8,3.7,29.9,0.00
2017-4-17,57.6,47.2,68.7,6.7,29.6,0.00
2017-4-18,53.3,44.0,71.8,9.7,29.4,0.00
2017-4-19,54.3,31.9,44.8,7.5,29.7,0.00
2017-4-20,54.1,34.1,49.0,5.9,29.8,0.00
2017-4-21,52.7,37.8,59.5,4.3,29.8,0.00
2017-4-22,53.8,35.7,57.6,5.7,29.8,0.00
2017-4-23,56.3,32.0,44.3,6.3,29.9,0.00
2017-4-24,56.4,29.8,39.0,8.6,30.0,0.00
2017-4-25,58.5,42.9,56.5,6.7,30.0,0.00
2017-4-26,58.1,31.7,42.5,9.9,30.0,0.00
2017-4-27,55.5,30.9,42.3,8.7,29.8,0.00
2017-4-28,56.1,40.1,57.4,10.1,29.6,0.00
2017-4-29,59.7,36.5,48.1,9.0,29.6,0.00
2017-4-30,63.8,47.3,56.4,7.4,29.7,0.00
2017-4-1,57.0,48.0,72.0,3.0,29.8,0.00
2017-5-1,63.4,46.9,60.4,4.7,29.9,0.00
2017-5-2,64.4,45.1,53.8,4.7,30.1,0.00
2017-5-3,66.7,42.3,45.0,4.6,30.1,0.00
2017-5-4,66.8,45.0,47.3,4.0,30.0,0.00
2017-5-5,68.6,50.4,53.8,7.0,29.9,0.00
2017-5-6,58.5,30.0,35.8,12.0,29.9,0.00
2017-5-7,60.5,35.2,43.8,8.5,29.9,0.00
2017-5-8,61.9,40.2,46.3,7.2,29.9,0.00
2017-5-9,61.7,46.6,59.1,5.0,29.8,0.00
2017-5-10,60.4,50.9,71.7,6.5,29.7,0.00
2017-5-11,63.6,50.4,63.4,5.1,29.8,0.00
2017-5-12,64.9,54.5,69.4,6.5,29.7,0.00
2017-5-13,62.8,51.5,67.8,14.1,29.6,0.00
2017-5-14,59.9,42.0,53.9,10.9,29.7,0.00
2017-5-15,60.8,43.9,53.8,7.0,29.8,0.00
2017-5-16,61.5,47.4,61.7,6.4,29.8,0.00
2017-5-17,63.0,46.0,57.0,4.5,29.8,0.00
2017-5-18,66.5,44.5,47.1,4.9,29.9,0.00
2017-5-19,68.3,44.3,44.7,5.8,30.0,0.00
2017-5-20,66.2,46.0,51.3,5.4,29.9,0.00
2017-5-21,67.4,48.0,51.5,4.9,29.9,0.00
2017-5-22,68.5,51.5,56.4,4.5,29.9,0.00
2017-5-23,66.0,54.6,67.8,4.4,29.8,0.00
2017-5-24,68.5,54.5,64.3,6.2,29.7,0.00
2017-5-25,66.0,44.8,50.7,10.5,29.6,0.00
2017-5-26,62.8,37.3,39.5,6.9,29.7,0.00
2017-5-27,64.5,43.8,50.8,6.5,29.8,0.00
2017-5-28,67.5,46.9,49.6,7.6,29.8,0.00
2017-5-29,70.5,55.8,61.8,7.1,29.8,0.00
2017-5-30,72.0,49.3,51.0,6.4,29.8,0.00
2017-5-31,70.1,54.7,61.3,5.0,29.6,0.00
2017-5-1,68.0,61.0,78.0,3.0,29.5,0.00
2017-6-1,72.9,55.7,58.7,8.1,29.4,0.00
2017-6-2,67.4,41.5,41.4,7.8,29.6,0.00
2017-6-3,68.0,42.9,41.0,7.9,29.7,0.00
2017-6-4,69.0,42.0,40.7,6.8,29.8,0.00
2017-6-5,71.9,43.6,39.5,4.7,29.9,0.00
2017-6-6,67.5,47.7,51.4,8.9,29.9,0.00
2017-6-7,63.9,58.0,81.5,7.2,29.6,0.00
2017-6-8,66.7,54.0,65.4,6.9,29.8,0.00
2017-6-9,68.4,57.3,68.5,10.0,29.7,0.00
2017-6-10,68.8,47.6,53.9,6.0,29.7,0.00
2017-6-11,69.7,44.7,45.6,5.5,29.7,0.00
2017-6-12,70.8,45.3,41.0,8.4,29.9,0.00
2017-6-13,68.9,56.3,65.3,6.5,29.9,0.00
2017-6-14,69.4,54.9,62.4,5.4,29.8,0.00
2017-6-15,71.5,57.4,62.7,6.6,29.7,0.00
2017-6-16,75.0,59.5,60.2,7.0,29.7,0.00
2017-6-17,73.3,56.2,56.8,6.4,29.8,0.00
2017-6-18,72.7,56.5,60.7,5.2,29.8,0.00
2017-6-19,72.9,57.2,61.6,4.2,29.8,0.00
2017-6-20,75.4,55.4,53.0,4.7,29.6,0.00
2017-6-21,75.8,56.8,53.2,5.8,29.6,0.00
2017-6-22,75.3,60.4,61.0,6.2,29.7,0.00
2017-6-23,76.7,61.5,61.6,4.4,29.7,0.00
2017-6-24,73.9,57.8,57.7,4.4,29.6,0.00
2017-6-25,75.1,61.5,64.2,4.4,29.5,0.00
2017-6-26,75.0,63.2,67.3,6.5,29.6,0.00
2017-6-27,75.8,64.0,67.6,5.6,29.7,0.00
2017-6-28,77.2,63.4,64.0,4.7,29.8,0.00
2017-6-29,76.9,63.8,65.7,5.2,29.8,0.00
2017-6-30,76.7,64.8,68.4,4.9,29.7,0.00
2017-6-1,73.0,66.0,78.0,3.0,29.7,0.00
2017-7-1,76.2,66.0,72.2,5.2,29.7,0.00
2017-7-2,75.9,70.4,82.3,6.8,29.7,0.00
2017-7-3,75.9,70.3,82.4,8.6,29.6,0.00
2017-7-4,79.2,70.2,74.3,4.8,29.6,0.00
2017-7-5,79.7,68.2,69.2,3.9,29.8,0.00
2017-7-6,81.4,69.8,68.4,5.0,29.8,0.00
2017-7-7,79.6,72.1,78.5,9.2,29.7,0.00
2017-7-8,79.4,72.7,80.6,10.2,29.6,0.00
2017-7-9,79.7,72.7,79.2,6.6,29.6,0.00
2017-7-10,75.9,72.3,88.3,8.3,29.5,0.00
2017-7-11,78.2,71.0,79.5,4.8,29.6,0.00
2017-7-12,80.4,71.8,75.9,5.8,29.8,0.00
2017-7-13,79.6,69.8,72.6,4.0,29.7,0.00
2017-7-14,82.5,71.3,69.2,5.8,29.7,0.00
2017-7-15,77.1,71.6,82.0,7.1,29.7,0.00
2017-7-16,78.3,72.1,81.2,4.0,29.8,0.00
2017-7-17,80.1,71.6,75.8,4.1,29.8,0.00
2017-7-18,79.2,72.0,79.0,4.9,29.8,0.00
2017-7-19,81.1,71.3,72.7,5.0,29.7,0.00
2017-7-20,83.8,72.3,69.3,4.4,29.6,0.00
2017-7-21,84.9,74.3,71.1,6.2,29.7,0.00
2017-7-22,84.3,74.9,74.3,5.7,29.7,0.00
2017-7-23,80.7,75.6,85.6,5.5,29.6,0.00
2017-7-24,79.2,72.4,80.3,3.1,29.6,0.00
2017-7-25,82.6,72.3,72.4,6.1,29.6,0.00
2017-7-26,83.5,67.0,58.3,8.5,29.7,0.00
2017-7-27,80.6,68.6,67.3,4.4,29.7,0.00
2017-7-28,77.3,73.1,87.4,4.7,29.7,0.00
2017-7-29,81.1,72.4,75.3,6.9,29.7,0.00
2017-7-30,81.5,69.3,66.8,6.4,29.7,0.00
2017-7-31,77.5,71.8,81.7,4.2,29.7,0.00
2017-7-1,77.0,72.0,83.0,5.0,29.8,0.00
2017-8-1,82.5,72.7,73.3,3.8,29.8,0.00
2017-8-2,84.7,74.3,71.4,3.5,29.7,0.00
2017-8-3,85.5,71.1,64.0,6.0,29.6,0.00
2017-8-4,85.0,70.1,61.0,5.5,29.6,0.00
2017-8-5,86.5,75.2,69.9,5.9,29.6,0.00
2017-8-6,84.2,74.3,73.1,5.2,29.5,0.00
2017-8-7,82.7,72.6,72.7,5.5,29.4,0.00
2017-8-8,81.4,70.9,70.6,4.7,29.4,0.00
2017-8-9,82.1,68.3,64.2,5.1,29.4,0.00
2017-8-10,77.8,70.8,78.5,4.8,29.5,0.00
2017-8-11,80.5,69.7,70.0,5.2,29.6,0.00
2017-8-12,81.6,66.0,59.9,6.2,29.8,0.00
2017-8-13,80.5,64.9,59.4,8.9,29.8,0.00
2017-8-14,76.5,63.9,65.1,8.2,29.6,0.00
2017-8-15,72.4,66.6,82.4,7.5,29.6,0.00
2017-8-16,74.8,66.3,76.0,7.0,29.6,0.00
2017-8-17,76.4,67.7,74.6,5.1,29.7,0.00
2017-8-18,78.0,69.8,75.4,3.2,29.8,0.00
2017-8-19,78.3,69.1,73.3,4.6,29.8,0.00
2017-8-20,74.9,69.6,82.3,10.4,29.7,0.00
2017-8-21,78.5,71.4,78.3,9.1,29.6,0.00
2017-8-22,79.5,70.1,73.1,4.6,29.8,0.00
2017-8-23,78.9,73.4,83.0,8.0,29.8,0.00
2017-8-24,80.8,74.3,81.0,13.9,29.6,0.00
2017-8-25,76.0,63.9,69.3,3.9,29.7,0.00
2017-8-26,74.2,57.5,59.0,4.6,29.9,0.00
2017-8-27,70.7,60.3,70.0,3.4,29.9,0.00
2017-8-28,69.5,61.6,76.4,5.0,29.8,0.00
2017-8-29,65.9,50.1,59.7,9.7,29.9,0.00
2017-8-30,66.2,49.5,55.8,4.1,29.9,0.00
2017-8-31,68.8,58.0,70.8,4.7,29.8,0.00
2017-8-1,64.0,55.0,73.0,5.0,29.8,0.00
2017-9-1,71.4,55.2,59.4,4.9,29.8,0.00
2017-9-2,72.3,58.2,63.3,4.3,29.8,0.00
2017-9-3,73.3,60.2,65.0,3.5,29.9,0.00
2017-9-4,74.3,58.2,60.1,3.7,29.9,0.00
2017-9-5,71.6,58.6,64.2,4.0,29.8,0.00
2017-9-6,69.2,60.8,74.8,3.0,29.7,0.00
2017-9-7,70.6,61.1,73.0,3.7,29.7,0.00
2017-9-8,73.5,63.1,71.9,3.4,29.8,0.00
2017-9-9,72.4,64.1,76.0,3.6,29.9,0.00
2017-9-10,72.5,63.5,74.3,3.6,29.9,0.00
2017-9-11,70.0,62.3,76.6,6.0,29.7,0.00
2017-9-12,71.0,56.3,63.3,5.3,29.8,0.00
2017-9-13,68.5,50.3,54.3,4.5,30.0,0.00
2017-9-14,69.1,51.3,55.9,5.0,30.0,0.00
2017-9-15,71.3,52.0,52.5,7.8,30.0,0.00
2017-9-16,71.0,49.9,47.8,9.3,29.9,0.00
2017-9-17,71.3,53.3,53.8,8.0,29.7,0.00
2017-9-18,69.3,55.6,62.9,4.8,29.7,0.00
2017-9-19,71.5,63.6,76.4,9.8,29.7,0.00
2017-9-20,66.3,47.8,52.7,6.8,29.8,0.00
2017-9-21,66.3,52.7,63.5,3.4,29.9,0.00
2017-9-22,67.1,54.1,64.6,4.6,29.9,0.00
2017-9-23,69.9,58.2,67.3,5.7,29.9,0.00
2017-9-24,70.5,61.6,74.7,4.2,29.9,0.00
2017-9-25,71.1,57.7,64.8,3.8,29.9,0.00
2017-9-26,73.1,60.4,66.1,4.5,29.8,0.00
2017-9-27,71.7,61.3,70.4,4.8,29.7,0.00
2017-9-28,65.8,47.8,55.5,9.5,29.8,0.00
2017-9-29,60.5,38.4,46.5,4.9,30.0,0.00
2017-9-30,66.5,51.8,59.7,6.7,30.1,0.00
2017-9-1,63.0,54.0,72.0,2.0,30.1,0.00
2017-10-1,64.4,54.2,70.4,5.8,30.0,0.00
2017-10-2,65.8,53.0,62.9,7.3,28.6,0.00
2017-10-3,61.1,42.4,50.6,8.5,30.0,0.00
2017-10-4,58.1,38.6,48.9,7.5,30.1,0.00
2017-10-5,63.0,46.8,56.5,5.5,30.1,0.00
2017-10-6,65.7,50.2,57.6,6.1,30.1,0.00
2017-10-7,68.2,56.8,68.1,4.3,30.0,0.00
2017-10-8,70.3,58.8,68.2,4.3,30.1,0.00
2017-10-9,69.5,59.0,69.9,3.9,30.1,0.00
2017-10-10,69.2,61.0,75.7,4.2,30.0,0.00
2017-10-11,60.9,53.3,76.3,8.8,30.0,0.00
2017-10-12,52.1,39.2,62.0,6.5,30.1,0.00
2017-10-13,51.8,37.6,60.8,4.7,30.1,0.00
2017-10-14,54.7,37.4,56.8,4.9,30.2,0.00
2017-10-15,57.0,36.4,47.6,4.5,30.3,0.00
2017-10-16,59.2,42.6,56.4,5.3,30.3,0.00
2017-10-17,56.9,38.1,50.7,4.5,30.2,0.00
2017-10-18,60.1,44.9,58.3,6.4,30.1,0.00
2017-10-19,60.5,45.3,58.8,4.3,30.1,0.00
2017-10-20,59.0,45.6,64.1,4.0,30.0,0.00
2017-10-21,58.8,45.9,64.8,5.0,30.0,0.00
2017-10-22,58.8,43.0,57.8,9.0,29.9,0.00
2017-10-23,54.0,36.5,53.3,5.7,30.0,0.00
2017-10-24,54.7,41.2,62.9,3.4,30.1,0.00
2017-10-25,54.2,42.7,67.2,3.5,30.2,0.00
2017-10-26,55.3,43.3,65.9,2.6,30.1,0.00
2017-10-27,58.9,45.1,62.8,3.3,30.1,0.00
2017-10-28,58.0,45.3,65.2,4.1,30.1,0.00
2017-10-29,52.0,34.2,54.4,10.9,30.0,0.00
2017-10-30,43.5,14.3,32.0,7.0,30.2,0.00
2017-10-31,46.5,30.8,55.8,4.0,30.2,0.00
2017-10-1,54.0,45.0,72.0,8.0,30.1,0.00
2017-11-1,56.8,46.9,70.3,6.6,30.1,0.00
2017-11-2,58.9,51.5,76.3,6.0,30.0,0.00
2017-11-3,54.5,43.3,67.4,9.1,30.0,0.00
2017-11-4,44.2,27.0,51.5,6.4,30.3,0.00
2017-11-5,44.0,29.6,58.4,2.8,30.3,0.00
2017-11-6,51.4,38.9,63.9,4.5,30.2,0.00
2017-11-7,56.8,43.3,61.5,4.5,30.1,0.00
2017-11-8,56.1,38.9,56.8,8.6,30.1,0.00
2017-11-9,46.3,26.2,49.6,2.5,30.2,0.00
2017-11-10,48.9,37.9,66.5,9.7,29.9,0.00
2017-11-11,41.6,21.1,45.1,6.9,30.1,0.00
2017-11-12,39.4,26.8,62.6,2.7,30.1,0.00
2017-11-13,47.2,35.9,67.0,6.5,30.0,0.00
2017-11-14,45.8,25.0,46.0,7.0,30.0,0.00
2017-11-15,37.0,17.5,48.0,8.9,30.1,0.00
2017-11-16,32.1,11.0,44.3,3.5,30.2,0.00
2017-11-17,36.3,16.6,47.1,5.5,30.1,0.00
2017-11-18,29.2,4.9,38.0,13.3,30.2,0.00
2017-11-19,28.5,6.0,40.6,5.2,30.3,0.00
2017-11-20,29.5,15.3,57.5,3.8,30.3,0.00
2017-11-21,30.6,19.7,67.0,2.9,30.3,0.00
2017-11-22,40.4,25.1,55.4,8.5,30.0,0.00
2017-11-23,32.7,16.3,52.4,6.2,30.1,0.00
2017-11-24,29.6,18.4,65.5,4.9,30.2,0.00
2017-11-25,39.0,31.3,74.3,7.5,30.1,0.00
2017-11-26,35.8,28.5,77.1,6.4,30.2,0.00
2017-11-27,33.1,20.1,60.6,3.2,30.3,0.00
2017-11-28,39.4,28.4,65.5,3.3,30.1,0.00
2017-11-29,36.7,18.7,52.0,8.8,30.2,0.00
2017-11-30,26.9,-1.7,30.5,10.0,30.3,0.00
2017-12-1,26.8,7.9,48.2,4.0,30.4,0.00
2017-12-2,32.4,20.6,64.5,4.7,30.3,0.00
2017-12-3,40.9,33.2,74.0,4.6,30.1,0.00
2017-12-4,31.0,13.9,52.7,10.2,30.1,0.00
2017-12-5,24.3,2.3,39.7,6.6,30.1,0.00
2017-12-6,32.6,21.2,65.5,6.9,30.1,0.00
2017-12-7,32.0,22.9,71.5,7.8,30.1,0.00
2017-12-8,25.3,4.3,41.9,5.8,30.2,0.00
2017-12-9,29.9,12.6,49.6,3.3,30.1,0.00
2017-12-10,35.4,25.2,67.2,8.1,29.9,0.00
2017-12-11,20.6,-1.6,38.3,12.0,30.2,0.00
2017-12-12,14.7,-3.8,44.1,6.7,30.4,0.00
2017-12-13,16.0,-4.4,41.4,7.3,30.4,0.00
2017-12-14,17.8,0.2,46.9,3.6,30.4,0.00
2017-12-15,24.7,9.1,54.0,3.3,30.3,0.00
2017-12-16,21.8,2.3,45.9,9.3,30.3,0.00
2017-12-17,18.5,-2.3,40.9,4.5,30.4,0.00
2017-12-18,31.3,22.2,69.8,6.6,30.3,0.00
2017-12-19,24.4,7.4,50.9,6.8,30.4,0.00
2017-12-20,26.0,15.4,65.4,6.0,30.4,0.00
2017-12-21,22.8,15.6,74.3,3.4,30.4,0.00
2017-12-22,36.7,25.7,65.3,6.7,30.2,0.00
2017-12-23,41.4,32.8,71.3,4.5,30.1,0.00
2017-12-24,37.8,32.2,80.4,7.5,29.9,0.00
2017-12-25,28.0,9.4,46.3,7.5,30.1,0.00
2017-12-26,24.8,5.1,46.7,8.7,30.2,0.00
2017-12-27,19.0,-4.9,35.7,5.1,30.4,0.00
2017-12-28,27.8,8.1,44.6,3.0,30.3,0.00
2017-12-29,34.2,21.8,61.2,3.9,30.3,0.00
2017-12-30,32.9,25.5,75.8,3.3,30.2,0.00
2017-12-31,31.1,17.1,60.0,6.3,30.1,0.00
2018-1-1,27.1,10.3,51.9,2.2,30.3,0.00
2018-1-2,26.5,8.3,50.6,6.8,30.3,0.00
2018-1-3,22.8,2.3,42.4,8.2,30.4,0.00
2018-1-4,21.5,3.4,46.8,4.6,30.3,0.00
2018-1-5,24.9,9.3,51.8,3.8,30.1,0.00
2018-1-6,24.5,8.4,53.1,3.5,30.2,0.00
2018-1-7,26.8,11.8,55.5,3.3,30.1,0.00
2018-1-8,33.2,17.6,54.4,6.8,29.8,0.00
2018-1-9,24.9,11.1,56.2,8.3,29.9,0.00
2018-1-10,17.5,4.6,58.6,9.1,30.0,0.00
2018-1-11,12.1,-5.0,46.6,8.4,30.3,0.00
2018-1-12,11.9,-7.5,42.1,4.0,30.4,0.00
2018-1-13,24.5,12.9,61.7,4.2,30.4,0.00
2018-1-14,32.0,19.6,61.4,6.3,30.3,0.00
2018-1-15,38.5,25.3,60.8,4.9,30.2,0.00
2018-1-16,35.0,24.5,65.7,3.7,30.0,0.00
2018-1-17,37.4,27.2,67.8,5.0,30.0,0.00
2018-1-18,33.1,22.4,66.4,4.4,30.1,0.00
2018-1-19,31.8,12.0,45.3,3.4,30.2,0.00
2018-1-20,33.1,20.7,60.8,6.6,30.1,0.00
2018-1-21,29.1,10.0,48.2,3.8,30.2,0.00
2018-1-22,31.5,18.4,59.7,7.2,29.9,0.00
2018-1-23,11.4,-6.5,44.9,11.6,30.2,0.00
2018-1-24,6.7,-17.0,33.5,13.4,30.3,0.00
2018-1-25,6.7,-17.3,32.8,11.5,30.4,0.00
2018-1-26,4.8,-18.8,33.0,10.5,30.4,0.00
2018-1-27,11.5,-8.0,42.5,3.8,30.3,0.00
2018-1-28,21.2,-1.3,39.6,5.9,30.1,0.00
2018-1-29,15.8,-6.6,38.4,8.1,30.2,0.00
2018-1-30,21.3,9.4,61.6,4.6,30.2,0.00
2018-1-31,27.2,12.6,55.7,5.3,30.3,0.00
2018-2-1,22.4,4.3,47.9,4.9,30.3,0.00
2018-2-2,24.8,8.6,53.5,3.7,30.3,0.00
2018-2-3,19.7,3.0,50.1,9.7,30.3,0.00
2018-2-4,14.5,-6.1,40.7,7.5,30.3,0.00
2018-2-5,14.7,-8.0,38.3,8.8,30.3,0.00
2018-2-6,13.7,-10.3,34.0,8.7,30.2,0.00
2018-2-7,15.6,-4.2,43.9,2.9,30.3,0.00
2018-2-8,21.0,3.9,51.0,3.0,30.2,0.00
2018-2-9,30.4,12.8,50.6,4.0,30.1,0.00
2018-2-10,31.4,10.3,46.6,9.6,30.1,0.00
2018-2-11,20.2,-0.4,42.1,6.9,30.1,0.00
2018-2-12,20.3,-0.5,41.1,6.3,30.1,0.00
2018-2-13,28.1,12.3,53.2,7.5,30.1,0.00
2018-2-14,37.6,20.4,51.3,11.3,30.0,0.00
2018-2-15,29.3,0.8,31.1,7.3,30.1,0.00
2018-2-16,28.1,8.3,45.2,5.8,30.0,0.00
2018-2-17,26.1,-3.4,29.3,8.3,30.2,0.00
2018-2-18,28.5,1.5,33.5,4.5,30.2,0.00
2018-2-19,32.3,16.1,52.5,3.5,30.2,0.00
2018-2-20,31.1,9.9,49.9,6.1,30.2,0.00
2018-2-21,28.8,0.6,31.9,7.8,30.2,0.00
2018-2-22,33.0,18.7,56.1,10.5,30.1,0.00
2018-2-23,36.5,29.0,74.8,7.3,30.1,0.00
2018-2-24,34.2,18.4,55.7,5.5,30.3,0.00
2018-2-25,32.6,14.4,48.7,4.8,30.2,0.00
2018-2-26,33.8,16.5,53.2,3.4,30.2,0.00
2018-2-27,36.9,21.2,54.3,3.3,30.1,0.00
2018-2-28,38.2,28.4,69.4,7.3,29.8,0.00
2018-3-1,32.5,20.2,63.0,12.0,29.8,0.00
2018-3-2,29.6,7.2,40.6,4.7,30.0,0.00
2018-3-3,43.3,16.8,38.1,4.5,29.9,0.00
2018-3-4,47.0,42.3,83.7,5.1,29.9,0.00
2018-3-5,42.1,30.8,65.5,11.7,30.0,0.00
2018-3-6,37.1,21.4,56.2,5.0,30.3,0.00
2018-3-7,41.6,25.0,53.0,6.3,30.3,0.00
2018-3-8,39.3,31.6,73.9,7.5,30.1,0.00
2018-3-9,39.0,27.6,65.0,4.2,30.1,0.00
2018-3-10,37.1,26.6,66.9,5.8,30.2,0.00
2018-3-11,41.1,28.5,64.2,4.8,30.2,0.00
2018-3-12,42.7,28.8,61.8,4.2,30.1,0.00
2018-3-13,50.5,38.1,63.5,7.0,30.0,0.00
2018-3-14,60.7,45.8,58.8,8.4,30.0,0.00
2018-3-15,54.0,48.7,82.2,7.3,29.9,0.00
2018-3-16,45.3,28.9,55.2,8.4,30.1,0.00
2018-3-17,43.0,24.5,49.1,6.2,30.3,0.00
2018-3-18,44.5,30.6,59.4,4.1,30.1,0.00
2018-3-19,46.5,35.6,67.9,7.9,29.9,0.00
2018-3-20,42.1,18.8,39.7,16.0,30.1,0.00
2018-3-21,36.3,19.8,54.9,9.7,30.0,0.00
2018-3-22,39.8,26.0,61.6,5.0,29.9,0.00
2018-3-23,40.8,27.2,61.6,5.2,30.0,0.00
2018-3-24,43.4,32.0,65.3,5.3,30.1,0.00
2018-3-25,46.7,35.8,67.4,4.7,30.2,0.00
2018-3-26,47.5,37.9,73.3,4.6,30.1,0.00
2018-3-27,52.0,40.5,66.5,5.2,30.0,0.00
2018-3-28,54.6,43.5,67.2,7.0,30.0,0.00
2018-3-29,57.5,46.6,68.8,4.2,30.0,0.00
2018-3-30,54.0,39.8,63.4,5.9,30.1,0.00
2018-3-31,54.5,38.1,56.8,4.5,30.1,0.00
2018-3-1,50.0,36.0,58.0,1.0,30.0,0.00
2018-4-1,57.6,46.9,67.7,5.5,30.0,0.00
2018-4-2,63.9,51.2,64.5,7.0,29.9,0.00
2018-4-3,62.6,52.6,69.8,6.7,30.0,0.00
2018-4-4,55.2,44.9,70.3,8.7,30.0,0.00
2018-4-5,47.3,40.3,76.3,9.4,30.0,0.00
2018-4-6,42.9,33.0,69.6,11.4,29.8,0.00
2018-4-7,40.3,19.7,45.4,15.4,29.9,0.00
2018-4-8,39.4,22.9,53.9,6.7,29.9,0.00
2018-4-9,41.9,30.2,69.4,3.9,30.0,0.00
2018-4-10,57.0,40.5,55.6,14.5,29.8,0.00
2018-4-11,54.0,36.3,55.5,9.9,29.8,0.00
2018-4-12,53.7,28.0,40.6,7.6,30.0,0.00
2018-4-13,55.4,23.3,32.9,5.3,30.1,0.00
2018-4-14,49.9,36.9,65.0,8.2,29.8,0.00
2018-4-15,48.3,36.5,65.0,6.5,29.8,0.00
2018-4-16,50.5,28.9,47.2,4.0,30.0,0.00
2018-4-17,52.5,29.9,45.2,4.6,30.1,0.00
2018-4-18,51.1,28.6,45.3,5.2,30.0,0.00
2018-4-19,54.2,28.8,42.0,4.6,30.0,0.00
2018-4-20,60.8,41.8,52.9,4.0,30.1,0.00
2018-4-21,61.6,33.7,43.5,4.5,30.0,0.00
2018-4-22,58.5,44.8,60.8,5.4,30.0,0.00
2018-4-23,50.7,45.1,80.7,11.1,29.9,0.00
2018-4-24,54.0,42.1,65.3,9.0,29.8,0.00
2018-4-25,56.1,33.4,45.4,4.2,29.9,0.00
2018-4-26,56.8,39.3,55.3,5.5,29.9,0.00
2018-4-27,57.2,41.9,58.0,4.8,29.9,0.00
2018-4-28,57.0,39.4,55.8,6.5,30.0,0.00
2018-4-29,58.3,38.6,52.0,4.3,29.9,0.00
2018-4-30,63.4,50.4,62.5,4.7,29.9,0.00
2018-4-1,61.0,55.0,82.0,2.0,29.9,0.00
2018-5-1,67.3,57.9,72.6,4.5,29.9,0.00
2018-5-2,61.1,55.5,81.9,7.0,29.6,0.00
2018-5-3,53.3,38.2,58.1,10.9,29.7,0.00
2018-5-4,57.5,35.9,45.0,10.7,29.8,0.00
2018-5-5,62.5,42.5,49.6,9.8,29.9,0.00
2018-5-6,62.8,54.5,74.9,6.3,29.7,0.00
2018-5-7,64.5,52.0,65.5,4.0,29.7,0.00
2018-5-8,64.0,45.3,52.5,9.0,29.8,0.00
2018-5-9,58.2,38.8,50.3,6.5,30.1,0.00
2018-5-10,57.3,46.5,68.4,7.2,30.1,0.00
2018-5-11,58.1,47.3,69.2,5.0,30.0,0.00
2018-5-12,57.7,51.1,79.8,6.0,29.8,0.00
2018-5-13,58.5,52.6,80.7,6.1,29.7,0.00
2018-5-14,61.6,52.5,74.0,4.3,29.8,0.00
2018-5-15,72.0,55.5,59.9,3.3,29.8,0.00
2018-5-16,71.7,66.1,82.8,7.8,29.6,0.00
2018-5-17,69.0,65.3,87.7,5.8,29.6,0.00
2018-5-18,61.8,57.2,85.2,6.3,29.6,0.00
2018-5-19,62.9,44.4,53.0,8.7,29.9,0.00
2018-5-20,63.8,35.3,35.5,7.3,30.0,0.00
2018-5-21,62.6,38.4,43.0,6.1,30.0,0.00
2018-5-22,63.4,54.1,72.9,4.1,29.9,0.00
2018-5-23,62.6,48.7,63.4,8.3,29.7,0.00
2018-5-24,63.8,43.4,49.5,8.2,29.8,0.00
2018-5-25,66.1,43.7,47.6,6.9,29.7,0.00
2018-5-26,67.5,51.5,59.4,4.8,29.7,0.00
2018-5-27,67.2,46.8,49.9,5.4,29.8,0.00
2018-5-28,69.6,51.7,54.3,4.6,29.8,0.00
2018-5-29,68.7,57.5,68.1,5.7,29.8,0.00
2018-5-30,67.5,58.6,73.5,5.1,29.8,0.00
2018-5-31,67.1,53.1,62.8,4.9,29.8,0.00
2018-5-1,66.0,55.0,68.0,2.0,29.9,0.00
2018-6-1,72.4,53.4,54.3,4.8,29.9,0.00
2018-6-2,71.8,49.7,49.0,4.5,29.9,0.00
2018-6-3,72.1,50.0,49.8,4.4,29.9,0.00
2018-6-4,70.7,53.3,55.1,5.4,29.8,0.00
2018-6-5,72.6,55.3,56.8,5.6,29.8,0.00
2018-6-6,69.8,57.8,66.0,5.4,29.8,0.00
2018-6-7,68.7,59.5,73.6,5.4,29.8,0.00
2018-6-8,69.3,58.6,69.5,5.3,29.7,0.00
2018-6-9,72.2,60.0,68.5,6.1,29.7,0.00
2018-6-10,69.3,56.2,64.0,8.3,29.6,0.00
2018-6-11,68.3,54.5,62.2,6.6,29.5,0.00
2018-6-12,68.6,57.2,69.2,5.9,29.5,0.00
2018-6-13,70.1,57.4,65.1,4.8,29.6,0.00
2018-6-14,68.8,60.9,76.0,5.7,29.7,0.00
2018-6-15,71.8,54.5,55.5,8.8,29.8,0.00
2018-6-16,71.2,52.7,52.6,6.2,29.8,0.00
2018-6-17,70.3,60.2,70.9,3.4,29.8,0.00
2018-6-18,74.1,59.5,62.7,4.8,29.7,0.00
2018-6-19,70.4,58.3,66.8,4.1,29.6,0.00
2018-6-20,71.4,60.4,69.1,6.0,29.6,0.00
2018-6-21,72.8,59.5,64.6,5.9,29.7,0.00
2018-6-22,74.0,56.5,58.6,5.0,29.7,0.00
2018-6-23,74.6,56.3,53.8,5.4,29.6,0.00
2018-6-24,74.4,62.4,68.3,4.7,29.7,0.00
2018-6-25,77.7,62.9,62.9,5.2,29.8,0.00
2018-6-26,72.2,66.0,81.3,11.4,29.6,0.00
2018-6-27,71.3,64.4,79.5,7.8,29.5,0.00
2018-6-28,73.1,66.6,81.1,6.4,29.5,0.00
2018-6-29,75.1,66.9,77.1,5.3,29.5,0.00
2018-6-30,75.6,67.4,76.2,3.4,29.7,0.00
2018-6-1,73.0,66.0,78.0,2.0,29.8,0.00
2018-7-1,72.5,67.4,84.2,6.8,29.7,0.00
2018-7-2,73.5,68.5,84.8,7.4,29.7,0.00
2018-7-3,60.0,53.6,56.5,4.0,22.1,0.00
2018-7-4,79.6,70.1,72.6,5.6,29.4,0.00
2018-7-5,77.7,68.3,72.6,4.9,29.5,0.00
2018-7-6,76.4,60.0,57.2,9.2,29.7,0.00
2018-7-7,74.7,55.9,52.6,7.8,29.8,0.00
2018-7-8,74.1,52.6,47.4,8.6,29.8,0.00
2018-7-9,70.7,61.6,73.6,8.3,29.9,0.00
2018-7-10,75.2,68.8,81.2,6.0,29.9,0.00
2018-7-11,80.3,72.8,78.7,5.5,29.9,0.00
2018-7-12,79.8,72.5,79.1,5.2,29.9,0.00
2018-7-13,80.4,71.6,74.1,5.4,29.8,0.00
2018-7-14,80.5,70.9,72.6,5.2,29.8,0.00
2018-7-15,80.7,71.5,73.8,4.8,29.8,0.00
2018-7-16,81.2,70.2,70.5,5.2,29.8,0.00
2018-7-17,79.9,69.9,71.5,4.9,29.8,0.00
2018-7-18,80.1,70.1,72.5,5.2,29.8,0.00
2018-7-19,79.1,70.8,76.0,4.6,29.8,0.00
2018-7-20,81.2,69.9,70.3,5.0,29.7,0.00
2018-7-21,83.4,68.9,64.0,4.3,29.7,0.00
2018-7-22,85.7,69.1,60.2,4.6,29.7,0.00
2018-7-23,86.8,70.6,58.3,4.9,29.7,0.00
2018-7-24,86.5,72.8,65.1,5.1,29.7,0.00
2018-7-25,85.3,72.9,67.3,7.8,29.7,0.00
2018-7-26,84.8,74.3,72.1,4.9,29.7,0.00
2018-7-27,85.3,75.7,74.4,4.8,29.7,0.00
2018-7-28,71.2,64.7,67.2,4.1,25.3,0.00
2018-7-29,86.4,71.4,63.8,7.5,29.6,0.00
2018-7-30,87.2,68.1,54.1,6.3,29.6,0.00
2018-7-31,89.0,70.2,54.4,7.3,29.6,0.00
2018-7-1,84.0,75.0,74.0,5.0,29.6,0.00
2018-8-1,89.1,75.5,66.5,5.1,29.6,0.00
2018-8-2,89.8,74.3,61.5,5.5,29.6,0.00
2018-8-3,89.2,74.5,63.2,6.3,29.7,0.00
2018-8-4,86.5,72.9,64.8,5.4,29.7,0.00
2018-8-5,78.9,70.2,69.6,6.0,27.6,0.00
2018-8-6,86.5,75.8,71.5,5.5,29.7,0.00
2018-8-7,87.2,73.0,62.9,6.2,29.7,0.00
2018-8-8,86.3,74.5,69.6,6.0,29.7,0.00
2018-8-9,83.8,75.2,76.2,5.2,29.6,0.00
2018-8-10,86.0,72.7,67.4,6.3,29.6,0.00
2018-8-11,87.0,70.4,58.0,7.2,29.6,0.00
2018-8-12,86.8,69.9,57.7,6.0,29.7,0.00
2018-8-13,84.7,75.1,75.1,4.5,29.8,0.00
2018-8-14,87.2,73.2,64.7,4.5,29.8,0.00
2018-8-15,87.2,73.3,65.0,6.7,29.7,0.00
2018-8-16,86.7,67.9,55.9,9.6,29.7,0.00
2018-8-17,81.3,52.6,37.9,11.4,29.8,0.00
2018-8-18,79.6,55.5,43.9,8.3,29.8,0.00
2018-8-19,80.5,63.8,58.6,4.5,29.8,0.00
2018-8-20,83.2,67.7,61.1,8.0,29.6,0.00
2018-8-21,78.3,69.2,73.8,9.2,29.6,0.00
2018-8-22,82.5,70.8,69.7,5.3,29.6,0.00
2018-8-23,84.8,69.7,61.1,8.7,29.5,0.00
2018-8-24,76.0,69.7,80.2,10.2,29.4,0.00
2018-8-25,77.0,66.4,70.3,7.8,29.7,0.00
2018-8-26,73.7,62.4,69.4,5.3,29.8,0.00
2018-8-27,75.5,68.1,77.4,7.6,29.8,0.00
2018-8-28,75.3,71.7,87.9,6.8,29.8,0.00
2018-8-29,77.2,72.2,84.1,9.6,29.7,0.00
2018-8-30,78.4,70.4,77.5,6.0,29.7,0.00
2018-8-31,76.9,65.0,67.9,4.8,29.8,0.00
2018-8-1,72.0,66.0,83.0,2.0,29.8,0.00
2018-9-1,77.4,62.8,63.6,6.5,29.8,0.00
2018-9-2,77.5,58.3,52.4,7.4,29.8,0.00
2018-9-3,75.5,67.3,76.7,6.0,29.5,0.00
2018-9-4,73.6,62.4,70.8,7.3,29.4,0.00
2018-9-5,74.6,61.8,65.4,8.1,29.5,0.00
2018-9-6,74.8,64.7,72.6,7.7,29.6,0.00
2018-9-7,71.4,56.1,61.0,8.6,29.6,0.00
2018-9-8,68.7,52.3,57.9,4.9,29.9,0.00
2018-9-9,69.1,53.2,59.5,4.5,29.9,0.00
2018-9-10,72.2,54.3,54.9,6.6,30.1,0.00
2018-9-11,71.0,50.0,47.9,7.3,30.1,0.00
2018-9-12,72.0,53.5,53.1,6.5,30.0,0.00
2018-9-13,72.9,60.0,64.7,5.3,30.0,0.00
2018-9-14,74.0,61.9,66.3,6.1,29.9,0.00
2018-9-15,73.8,64.3,72.4,4.6,29.9,0.00
2018-9-16,71.9,65.8,82.0,3.4,29.9,0.00
2018-9-17,70.9,59.3,68.5,4.2,30.0,0.00
2018-9-18,69.5,57.6,68.3,4.0,30.0,0.00
2018-9-19,70.5,58.9,68.3,3.2,29.9,0.00
2018-9-20,66.4,58.7,76.2,6.6,29.8,0.00
2018-9-21,67.9,60.8,77.9,6.0,29.8,0.00
2018-9-22,68.4,56.0,68.3,4.4,29.9,0.00
2018-9-23,66.0,52.2,62.6,5.4,29.9,0.00
2018-9-24,62.8,44.3,53.8,6.3,30.0,0.00
2018-9-25,61.5,44.3,56.9,4.9,30.1,0.00
2018-9-26,64.8,46.8,54.6,6.7,30.1,0.00
2018-9-27,64.5,45.5,52.3,5.2,30.0,0.00
2018-9-28,64.9,46.7,51.8,7.0,30.0,0.00
2018-9-29,66.9,51.3,60.4,5.0,29.9,0.00
2018-9-30,61.7,47.9,64.4,6.9,29.7,0.00
2018-9-1,57.0,41.0,55.0,5.0,29.6,0.00
2018-10-1,59.6,42.4,53.4,8.3,29.7,0.00
2018-10-2,58.3,44.8,63.3,3.2,30.0,0.00
2018-10-3,60.2,47.8,67.8,4.3,30.1,0.00
2018-10-4,64.0,49.6,63.9,5.5,30.2,0.00
2018-10-5,63.1,55.4,77.2,6.2,30.0,0.00
2018-10-6,65.6,57.6,77.1,9.1,29.7,0.00
2018-10-7,61.5,46.4,61.5,4.5,29.9,0.00
2018-10-8,56.4,38.4,55.5,3.1,30.1,0.00
2018-10-9,57.7,43.3,62.0,4.8,30.0,0.00
2018-10-10,55.2,40.8,59.9,8.5,29.9,0.00
2018-10-11,49.0,31.8,53.9,8.0,30.1,0.00
2018-10-12,50.0,33.8,56.8,3.0,30.2,0.00
2018-10-13,52.7,38.4,63.7,2.7,30.2,0.00
2018-10-14,53.3,41.0,66.3,3.9,30.1,0.00
2018-10-15,57.3,48.5,74.3,3.0,30.1,0.00
2018-10-16,56.3,42.7,63.7,4.0,30.0,0.00
2018-10-17,53.0,35.2,55.6,4.1,29.9,0.00
2018-10-18,51.8,39.7,66.2,5.7,30.1,0.00
2018-10-19,53.6,38.2,59.0,5.0,30.2,0.00
2018-10-20,52.4,38.6,65.7,3.2,30.2,0.00
2018-10-21,52.9,38.8,64.0,3.0,30.2,0.00
2018-10-22,55.0,40.1,61.5,3.1,30.1,0.00
2018-10-23,53.8,45.6,74.7,6.9,30.0,0.00
2018-10-24,51.6,40.7,69.8,3.0,30.1,0.00
2018-10-25,54.0,41.8,69.0,2.2,30.1,0.00
2018-10-26,54.3,46.2,74.5,6.7,29.8,0.00
2018-10-27,48.7,30.4,50.5,10.2,29.9,0.00
2018-10-28,46.9,38.7,73.6,7.3,29.8,0.00
2018-10-29,45.5,33.3,65.8,7.1,29.9,0.00
2018-10-30,42.0,25.0,52.4,4.8,30.1,0.00
2018-10-31,45.0,30.0,58.1,4.8,30.2,0.00
2018-10-1,41.0,30.0,65.0,2.0,30.2,0.00
2018-11-1,45.7,30.3,60.1,3.4,30.2,0.00
2018-11-2,48.3,35.7,66.2,2.5,30.3,0.00
2018-11-3,48.1,37.7,71.6,3.2,30.2,0.00
2018-11-4,46.5,37.5,75.9,3.2,30.1,0.00
2018-11-5,49.1,41.3,77.3,2.6,30.1,0.00
2018-11-6,51.8,44.8,78.5,2.5,30.2,0.00
2018-11-7,54.4,49.0,82.7,4.0,30.2,0.00
2018-11-8,55.5,50.6,83.8,8.5,29.9,0.00
2018-11-9,54.9,43.6,66.2,11.1,29.9,0.00
2018-11-10,52.3,42.5,71.2,4.3,30.2,0.00
2018-11-11,43.9,36.4,76.2,3.7,30.1,0.00
2018-11-12,44.0,30.8,63.1,4.5,30.1,0.00
2018-11-13,45.1,31.6,61.6,3.6,30.1,0.00
2018-11-14,46.2,34.8,66.6,3.0,30.1,0.00
2018-11-15,45.6,35.2,69.3,2.8,30.2,0.00
2018-11-16,45.5,36.4,71.1,5.4,30.1,0.00
2018-11-17,39.1,22.3,54.0,4.6,30.2,0.00
2018-11-18,41.1,27.3,60.7,2.7,30.1,0.00
2018-11-19,41.6,29.2,64.4,3.9,30.1,0.00
2018-11-20,42.0,21.3,48.3,5.2,30.2,0.00
2018-11-21,43.5,29.0,59.9,5.3,30.2,0.00
2018-11-22,35.7,14.4,43.4,6.4,30.2,0.00
2018-11-23,33.3,9.7,41.5,2.3,30.3,0.00
2018-11-24,37.3,25.1,65.9,8.5,30.2,0.00
2018-11-25,40.3,32.8,75.8,3.1,30.2,0.00
2018-11-26,41.1,32.3,72.9,2.8,30.2,0.00
2018-11-27,44.0,32.9,67.2,5.7,30.1,0.00
2018-11-28,38.9,14.2,39.3,4.2,30.2,0.00
2018-11-29,36.0,20.3,54.0,3.7,30.3,0.00
2018-11-30,34.5,19.0,58.0,3.0,30.3,0.00
2018-12-1,38.9,21.3,52.6,2.8,30.3,0.00
2018-12-2,43.6,29.2,58.9,4.8,30.2,0.00
2018-12-3,53.5,46.3,78.9,5.6,29.9,0.00
2018-12-4,44.7,35.2,71.0,9.5,30.0,0.00
2018-12-5,31.0,10.3,42.6,8.1,30.3,0.00
2018-12-6,35.8,16.4,45.9,8.0,30.2,0.00
2018-12-7,20.2,-2.4,38.1,13.9,30.4,0.00
2018-12-8,17.4,-6.2,36.4,10.5,30.5,0.00
2018-12-9,18.4,-6.0,35.2,4.5,30.6,0.00
2018-12-10,25.3,6.7,48.5,3.3,30.5,0.00
2018-12-11,31.6,13.4,48.9,4.3,30.3,0.00
2018-12-12,27.7,4.6,40.2,6.3,30.3,0.00
2018-12-13,28.1,16.0,61.5,7.6,30.3,0.00
2018-12-14,22.8,5.8,49.5,3.3,30.5,0.00
2018-12-15,25.5,9.2,52.9,2.9,30.4,0.00
2018-12-16,30.8,19.8,64.5,4.8,30.1,0.00
2018-12-17,33.7,21.1,63.5,4.3,30.0,0.00
2018-12-18,33.3,20.6,61.9,4.1,30.1,0.00
2018-12-19,35.4,21.5,61.2,3.7,30.1,0.00
2018-12-20,34.0,20.3,61.0,3.1,30.1,0.00
2018-12-21,36.8,22.5,59.3,2.7,30.1,0.00
2018-12-22,40.4,25.4,56.2,3.9,30.2,0.00
2018-12-23,36.3,15.8,46.5,9.3,30.2,0.00
2018-12-24,26.9,4.5,40.5,3.3,30.3,0.00
2018-12-25,31.2,17.0,57.2,5.4,30.2,0.00
2018-12-26,28.9,6.3,42.8,10.1,30.2,0.00
2018-12-27,14.4,-14.0,28.5,13.6,30.4,0.00
2018-12-28,12.6,-11.9,34.0,8.5,30.4,0.00
2018-12-29,18.5,-8.8,30.7,8.0,30.5,0.00
2018-12-30,17.9,-3.2,41.0,3.5,30.6,0.00
2018-12-31,19.7,3.0,52.0,3.3,30.6,0.00
2019-1-1,21.0,7.0,56.2,5.5,30.5,0.00
2019-1-2,20.0,3.3,52.0,3.8,30.5,0.00
2019-1-3,23.3,3.8,47.6,2.9,30.5,0.00
2019-1-4,25.8,15.4,66.5,3.2,30.4,0.00
2019-1-5,24.7,4.2,45.3,5.6,30.3,0.00
2019-1-6,24.0,3.7,44.0,3.9,30.3,0.00
2019-1-7,25.2,11.8,60.6,2.7,30.3,0.00
2019-1-8,24.3,2.5,42.8,8.1,30.3,0.00
2019-1-9,21.2,-3.0,35.7,4.0,30.5,0.00
2019-1-10,29.5,11.8,49.5,3.5,30.3,0.00
2019-1-11,34.4,23.1,64.6,2.8,30.2,0.00
2019-1-12,34.4,19.1,55.5,3.0,30.1,0.00
2019-1-13,30.3,18.6,65.8,3.0,30.2,0.00
2019-1-14,29.9,21.9,73.0,2.4,30.2,0.00
2019-1-15,28.6,15.8,60.9,8.2,30.2,0.00
2019-1-16,21.1,0.5,43.0,5.3,30.3,0.00
2019-1-17,29.7,11.8,54.5,5.4,30.2,0.00
2019-1-18,28.4,13.3,56.3,2.5,30.3,0.00
2019-1-19,35.6,24.4,65.1,3.3,30.1,0.00
2019-1-20,30.2,6.0,39.4,11.0,30.1,0.00
2019-1-21,28.5,13.6,53.9,6.4,30.1,0.00
2019-1-22,31.3,20.2,65.5,4.3,30.0,0.00
2019-1-23,31.4,12.4,53.7,6.6,30.1,0.00
2019-1-24,28.3,4.8,41.0,3.6,30.2,0.00
2019-1-25,27.7,3.7,41.0,8.3,30.2,0.00
2019-1-26,25.6,-1.2,32.3,7.7,30.3,0.00
2019-1-27,28.4,13.5,55.5,4.9,30.3,0.00
2019-1-28,34.8,10.7,41.1,10.6,30.1,0.00
2019-1-29,27.8,7.5,46.1,3.4,30.3,0.00
2019-1-30,32.4,20.7,63.5,3.3,30.2,0.00
2019-1-31,27.9,-2.4,29.5,9.2,30.1,0.00
2019-2-1,27.0,9.0,47.8,3.9,30.2,0.00
2019-2-2,34.4,19.0,54.5,7.3,30.1,0.00
2019-2-3,37.7,32.5,81.2,6.8,29.8,0.00
2019-2-4,30.7,9.9,43.4,6.3,30.2,0.00
2019-2-5,35.1,13.9,46.5,5.0,30.1,0.00
2019-2-6,38.8,25.3,60.3,3.5,29.9,0.00
2019-2-7,29.4,9.4,47.2,12.4,30.1,0.00
2019-2-8,19.1,-4.9,34.9,7.3,30.3,0.00
2019-2-9,22.2,-4.2,32.4,10.1,30.3,0.00
2019-2-10,21.9,-1.8,36.8,4.9,30.4,0.00
2019-2-11,26.2,2.3,37.3,5.3,30.4,0.00
2019-2-12,29.3,7.8,42.6,4.8,30.5,0.00
2019-2-13,27.0,-0.9,32.2,7.0,30.4,0.00
2019-2-14,27.8,0.8,32.5,5.1,30.4,0.00
2019-2-15,30.3,20.7,69.1,4.4,30.2,0.00
2019-2-16,27.4,14.2,59.0,6.5,30.2,0.00
2019-2-17,26.9,8.9,49.5,4.3,30.2,0.00
2019-2-18,30.1,13.9,54.6,3.6,30.2,0.00
2019-2-19,33.4,26.2,76.9,4.3,30.0,0.00
2019-2-20,35.0,23.8,64.2,5.6,30.2,0.00
2019-2-21,32.9,20.3,62.0,2.9,30.3,0.00
2019-2-22,34.8,21.6,62.7,4.3,30.1,0.00
2019-2-23,39.8,22.2,56.0,3.3,30.1,0.00
2019-2-24,38.1,23.0,60.3,4.2,30.1,0.00
2019-2-25,38.5,24.7,62.5,5.9,30.1,0.00
2019-2-26,37.0,15.6,44.9,3.9,30.2,0.00
2019-2-27,43.0,21.4,43.8,3.7,30.1,0.00
2019-2-28,39.9,22.4,52.8,4.2,30.0,0.00
2019-3-1,39.8,23.2,56.0,3.8,30.1,0.00
2019-3-2,40.3,23.7,57.1,2.4,30.1,0.00
2019-3-3,43.6,24.5,51.9,4.2,29.9,0.00
2019-3-4,46.7,28.4,52.2,4.8,29.9,0.00
2019-3-5,45.5,35.6,69.3,5.3,30.1,0.00
2019-3-6,43.9,33.3,66.8,4.9,29.9,0.00
2019-3-7,42.7,26.4,55.7,7.8,30.0,0.00
2019-3-8,38.8,18.9,49.4,4.4,30.2,0.00
2019-3-9,39.6,18.4,51.5,3.1,30.1,0.00
2019-3-10,47.2,20.0,37.9,5.8,29.9,0.00
2019-3-11,41.3,29.2,63.0,5.2,29.7,0.00
2019-3-12,39.3,23.2,57.7,8.8,29.8,0.00
2019-3-13,38.5,12.4,35.9,11.9,30.0,0.00
2019-3-14,38.2,17.6,46.7,4.9,30.1,0.00
2019-3-15,41.8,27.7,62.0,5.2,30.0,0.00
2019-3-16,36.6,26.5,69.7,5.1,30.1,0.00
2019-3-17,40.2,26.0,61.5,4.9,30.1,0.00
2019-3-18,41.5,20.6,48.0,5.0,30.1,0.00
2019-3-19,45.5,29.0,55.7,4.3,30.0,0.00
2019-3-20,46.3,39.7,79.1,4.4,29.8,0.00
2019-3-21,46.5,39.0,75.2,9.4,29.7,0.00
2019-3-22,37.9,15.0,41.2,10.7,30.1,0.00
2019-3-23,37.4,20.0,51.4,9.6,30.1,0.00
2019-3-24,38.2,18.4,46.7,7.1,30.1,0.00
2019-3-25,44.1,29.0,57.2,9.7,30.0,0.00
2019-3-26,50.5,32.8,54.8,5.2,30.0,0.00
2019-3-27,51.1,39.2,64.8,10.3,29.9,0.00
2019-3-28,46.8,29.6,55.4,6.3,29.9,0.00
2019-3-29,47.2,19.7,35.2,6.8,29.9,0.00
2019-3-30,41.8,32.0,69.1,9.3,29.9,0.00
2019-3-31,40.9,19.5,44.6,11.8,30.0,0.00
2019-3-1,37.0,10.0,33.0,6.0,30.1,0.00
2019-4-1,40.7,15.8,40.8,7.9,30.1,0.00
2019-4-2,41.9,21.0,48.1,7.9,30.1,0.00
2019-4-3,44.0,23.9,50.6,6.3,30.1,0.00
2019-4-4,46.4,30.0,55.8,9.8,30.0,0.00
2019-4-5,52.0,33.3,54.9,9.3,29.8,0.00
2019-4-6,46.5,31.9,58.6,3.7,29.8,0.00
2019-4-7,49.9,33.5,63.8,6.9,29.8,0.00
2019-4-8,51.4,22.9,35.5,8.0,29.9,0.00
2019-4-9,49.5,29.0,51.4,9.8,29.9,0.00
2019-4-10,44.7,40.3,84.9,6.3,29.8,0.00
2019-4-11,46.4,36.9,73.9,4.4,29.9,0.00
2019-4-12,50.1,35.1,61.0,5.2,30.0,0.00
2019-4-13,51.1,29.0,49.8,6.2,30.1,0.00
2019-4-14,49.2,33.9,58.6,8.2,29.9,0.00
2019-4-15,51.0,27.1,44.3,5.9,30.0,0.00
2019-4-16,56.4,27.8,41.1,4.5,30.0,0.00
2019-4-17,55.8,38.8,56.4,5.7,29.9,0.00
2019-4-18,53.0,47.4,81.9,7.0,29.8,0.00
2019-4-19,55.7,44.1,69.6,5.7,29.9,0.00
2019-4-20,57.1,48.0,72.4,6.3,29.9,0.00
2019-4-21,57.3,52.7,85.4,4.8,29.9,0.00
2019-4-22,61.9,47.2,66.8,3.9,29.9,0.00
2019-4-23,65.3,52.4,64.6,3.7,29.8,0.00
2019-4-24,64.5,57.0,78.8,4.5,29.7,0.00
2019-4-25,56.7,50.6,81.4,8.4,29.7,0.00
2019-4-26,48.0,44.1,85.6,7.3,29.8,0.00
2019-4-27,50.8,39.0,67.5,5.3,30.1,0.00
2019-4-28,55.5,41.3,61.8,5.4,30.1,0.00
2019-4-29,54.8,41.5,63.0,3.8,29.9,0.00
2019-4-30,57.5,44.9,66.1,5.0,29.7,0.00
2019-4-1,52.0,43.0,71.0,1.0,29.7,0.00
2019-5-1,60.7,46.0,60.5,7.4,29.6,0.00
2019-5-2,61.2,34.9,40.6,6.7,29.8,0.00
2019-5-3,60.7,40.8,51.5,5.5,29.9,0.00
2019-5-4,63.8,45.5,57.0,4.6,30.0,0.00
2019-5-5,63.5,42.9,54.4,5.6,29.9,0.00
2019-5-6,57.7,28.9,36.9,13.5,29.9,0.00
2019-5-7,57.4,36.1,47.6,6.5,29.9,0.00
2019-5-8,57.9,43.3,59.9,8.2,29.8,0.00
2019-5-9,60.6,42.5,56.7,6.5,29.8,0.00
2019-5-10,60.5,46.4,63.5,5.3,29.9,0.00
2019-5-11,64.5,47.1,56.8,4.4,29.9,0.00
2019-5-12,66.0,47.4,54.2,4.2,29.9,0.00
2019-5-13,63.3,47.3,58.0,4.9,29.9,0.00
2019-5-14,65.1,48.8,60.0,4.8,29.9,0.00
2019-5-15,66.3,53.6,66.9,5.3,29.9,0.00
2019-5-16,71.8,54.5,59.1,5.2,29.8,0.00
2019-5-17,71.0,55.8,61.5,4.3,29.8,0.00
2019-5-18,71.2,55.5,59.0,11.5,29.8,0.00
2019-5-19,67.5,63.2,86.9,8.9,29.7,0.00
2019-5-20,63.2,53.3,72.0,11.8,29.6,0.00
2019-5-21,62.9,48.3,61.8,9.6,29.6,0.00
2019-5-22,65.6,48.8,58.8,10.0,29.6,0.00
2019-5-23,69.2,51.4,57.4,5.4,29.7,0.00
2019-5-24,72.3,57.6,64.3,5.3,29.8,0.00
2019-5-25,72.5,55.1,58.4,6.3,29.9,0.00
2019-5-26,74.1,54.5,55.2,5.5,29.9,0.00
2019-5-27,65.7,60.1,83.1,11.1,29.6,0.00
2019-5-28,64.3,46.1,53.6,7.8,29.8,0.00
2019-5-29,66.9,51.6,61.3,7.5,29.7,0.00
2019-5-30,65.8,51.0,59.9,9.0,29.8,0.00
2019-5-31,66.4,50.0,56.4,8.6,29.8,0.00
2019-5-1,61.0,52.0,72.0,3.0,29.8,0.00
2019-6-1,64.6,53.9,69.8,5.7,29.8,0.00
2019-6-2,67.7,50.8,59.8,5.0,29.7,0.00
2019-6-3,70.3,55.0,60.5,6.1,29.7,0.00
2019-6-4,70.4,57.6,65.7,7.4,29.7,0.00
2019-6-5,70.3,62.3,75.8,6.0,29.8,0.00
2019-6-6,68.3,63.9,86.7,5.8,29.8,0.00
2019-6-7,68.2,62.0,81.8,11.2,29.6,0.00
2019-6-8,69.9,57.8,67.9,4.4,29.7,0.00
2019-6-9,69.0,61.1,75.7,6.3,29.6,0.00
2019-6-10,66.6,57.0,73.3,9.0,29.6,0.00
2019-6-11,68.0,53.5,60.9,6.0,29.7,0.00
2019-6-12,69.2,58.4,70.7,5.0,29.8,0.00
2019-6-13,71.0,58.3,67.2,5.3,29.8,0.00
2019-6-14,71.7,59.5,67.8,5.7,29.6,0.00
2019-6-15,70.7,60.8,71.8,8.4,29.5,0.00
2019-6-16,70.8,57.7,65.7,5.5,29.6,0.00
2019-6-17,69.9,59.1,69.3,7.2,29.8,0.00
2019-6-18,68.4,63.1,83.7,6.5,29.8,0.00
2019-6-19,71.3,64.3,80.2,5.9,29.7,0.00
2019-6-20,72.3,64.6,78.3,6.1,29.7,0.00
2019-6-21,70.6,64.9,83.4,5.3,29.6,0.00
2019-6-22,74.5,58.1,59.9,6.5,29.6,0.00
2019-6-23,76.0,55.7,50.8,6.6,29.7,0.00
2019-6-24,75.7,59.9,59.7,5.9,29.8,0.00
2019-6-25,75.4,60.9,63.5,4.5,29.9,0.00
2019-6-26,75.2,63.1,67.3,4.3,29.7,0.00
2019-6-27,77.6,68.7,74.7,5.3,29.5,0.00
2019-6-28,74.7,68.2,79.7,4.2,29.5,0.00
2019-6-29,73.7,66.1,78.9,5.3,29.4,0.00
2019-6-30,73.6,67.8,82.5,6.0,29.5,0.00
2019-6-1,72.0,68.0,88.0,7.0,29.6,0.00
2019-7-1,74.2,64.9,74.6,6.0,29.6,0.00
2019-7-2,74.8,65.3,74.5,6.0,29.7,0.00
2019-7-3,74.0,66.5,79.1,4.3,29.7,0.00
2019-7-4,75.2,64.4,73.5,4.8,29.6,0.00
2019-7-5,78.2,65.7,69.4,5.3,29.6,0.00
2019-7-6,83.2,63.5,53.6,6.4,29.6,0.00
2019-7-7,81.5,60.8,49.8,12.0,29.7,0.00
2019-7-8,78.0,58.2,51.1,9.4,29.7,0.00
2019-7-9,77.3,58.8,54.6,9.1,29.6,0.00
2019-7-10,74.3,60.6,63.8,9.8,29.7,0.00
2019-7-11,70.7,65.0,83.3,10.8,29.6,0.00
2019-7-12,73.7,65.3,76.1,6.0,29.6,0.00
2019-7-13,76.5,67.9,75.9,6.0,29.5,0.00
2019-7-14,75.2,68.0,80.4,4.5,29.5,0.00
2019-7-15,74.1,69.4,85.9,4.0,29.7,0.00
2019-7-16,75.4,70.8,85.8,4.8,29.8,0.00
2019-7-17,76.2,70.7,84.0,4.2,29.8,0.00
2019-7-18,80.0,70.6,74.3,4.1,29.7,0.00
2019-7-19,82.3,70.2,68.4,6.8,29.6,0.00
2019-7-20,84.8,72.1,65.3,13.3,29.5,0.00
2019-7-21,78.0,74.1,89.4,8.2,29.5,0.00
2019-7-22,80.1,73.0,81.0,6.9,29.6,0.00
2019-7-23,81.0,74.2,81.7,5.4,29.6,0.00
2019-7-24,79.0,76.7,93.6,5.8,29.6,0.00
2019-7-25,79.0,77.5,95.4,4.9,29.6,0.00
2019-7-26,76.8,76.0,97.6,6.4,29.6,0.00
2019-7-27,81.6,77.0,87.3,4.4,29.6,0.00
2019-7-28,79.7,77.7,94.0,7.7,29.7,0.00
2019-7-29,81.9,76.3,83.8,9.3,29.7,0.00
2019-7-30,82.4,77.2,84.6,11.2,29.7,0.00
2019-7-31,78.9,76.5,93.3,8.4,29.7,0.00
2019-7-1,77.0,75.0,94.0,3.0,29.8,0.00
2019-8-1,78.3,75.8,92.3,5.5,29.8,0.00
2019-8-2,83.0,76.5,82.2,4.3,29.8,0.00
2019-8-3,84.4,77.1,79.8,3.5,29.8,0.00
2019-8-4,83.9,77.0,80.8,4.0,29.8,0.00
2019-8-5,86.1,77.2,76.6,5.2,29.7,0.00
2019-8-6,88.5,75.8,68.1,6.0,29.7,0.00
2019-8-7,81.5,73.3,77.4,4.2,29.6,0.00
2019-8-8,83.2,76.7,81.8,5.2,29.7,0.00
2019-8-9,84.1,76.7,79.6,4.9,29.7,0.00
2019-8-10,87.7,75.8,70.8,6.9,29.6,0.00
2019-8-11,88.2,70.7,56.4,17.4,29.5,0.00
2019-8-12,79.1,77.5,94.7,9.1,29.5,0.00
2019-8-13,83.1,77.4,83.8,4.5,29.5,0.00
2019-8-14,84.4,77.4,81.5,5.3,29.5,0.00
2019-8-15,79.8,73.6,82.6,7.8,29.3,0.00
2019-8-16,78.6,72.8,82.4,7.2,29.3,0.00
2019-8-17,78.6,71.0,77.5,7.3,29.5,0.00
2019-8-18,77.5,67.9,74.0,6.0,29.6,0.00
2019-8-19,77.6,68.8,76.5,4.2,29.7,0.00
2019-8-20,80.8,70.0,71.5,4.4,29.7,0.00
2019-8-21,80.1,71.2,75.0,4.8,29.7,0.00
2019-8-22,79.3,71.8,80.2,5.6,29.6,0.00
2019-8-23,78.2,66.9,69.8,6.1,29.7,0.00
2019-8-24,74.8,64.8,72.0,4.4,29.8,0.00
2019-8-25,75.5,66.9,76.2,5.1,29.8,0.00
2019-8-26,78.5,69.5,76.2,3.9,29.8,0.00
2019-8-27,77.9,70.0,77.4,3.9,29.7,0.00
2019-8-28,78.4,70.1,76.0,6.0,29.6,0.00
2019-8-29,73.6,68.9,85.0,8.7,29.6,0.00
2019-8-30,73.0,63.3,73.0,7.1,29.7,0.00
2019-8-31,73.4,64.3,74.6,5.5,29.8,0.00
2019-8-1,70.0,64.0,83.0,1.0,29.9,0.00
2019-9-1,74.2,64.5,74.2,3.5,29.9,0.00
2019-9-2,74.6,64.4,73.7,4.0,29.9,0.00
2019-9-3,75.3,67.8,78.3,6.0,29.9,0.00
2019-9-4,73.2,70.6,91.8,6.8,29.8,0.00
2019-9-5,73.7,72.3,94.8,7.0,29.8,0.00
2019-9-6,76.9,73.2,88.9,4.9,29.7,0.00
2019-9-7,78.7,72.9,83.1,23.1,29.3,0.00
2019-9-8,76.6,72.1,85.2,6.5,29.7,0.00
2019-9-9,76.3,71.4,85.4,3.7,29.8,0.00
2019-9-10,75.3,73.6,94.6,5.4,29.8,0.00
2019-9-11,76.0,69.3,80.8,7.7,29.9,0.00
2019-9-12,71.0,62.0,73.0,9.1,29.9,0.00
2019-9-13,72.3,62.8,74.5,4.5,29.9,0.00
2019-9-14,72.2,68.9,89.8,4.7,29.8,0.00
2019-9-15,73.1,68.1,86.0,4.2,29.8,0.00
2019-9-16,75.0,63.2,70.4,5.9,29.8,0.00
2019-9-17,72.3,57.8,64.4,4.8,29.9,0.00
2019-9-18,69.3,53.6,60.2,9.3,29.9,0.00
2019-9-19,64.6,49.5,58.7,5.6,30.0,0.00
2019-9-20,65.4,54.1,67.6,4.9,30.0,0.00
2019-9-21,67.1,58.3,73.7,5.5,30.0,0.00
2019-9-22,66.5,56.5,70.7,8.8,29.9,0.00
2019-9-23,67.9,52.0,57.6,8.4,29.9,0.00
2019-9-24,65.4,55.5,73.8,3.5,30.0,0.00
2019-9-25,67.0,60.2,81.3,2.5,30.1,0.00
2019-9-26,71.7,60.3,71.0,4.5,30.1,0.00
2019-9-27,72.8,61.3,69.5,4.4,30.1,0.00
2019-9-28,73.1,63.5,74.8,4.8,30.0,0.00
2019-9-29,68.3,61.0,81.5,4.1,30.0,0.00
2019-9-30,67.2,61.9,86.0,3.6,30.0,0.00
2019-9-1,64.0,64.0,100.0,2.0,30.0,0.00
2019-10-1,72.0,64.7,79.9,4.7,30.0,0.00
2019-10-2,71.8,68.0,88.3,7.3,29.9,0.00
2019-10-3,73.6,65.7,78.5,8.7,29.6,0.00
2019-10-4,71.4,64.0,79.2,4.9,29.8,0.00
2019-10-5,66.3,60.3,81.9,7.7,29.9,0.00
2019-10-6,63.1,50.7,65.7,8.0,30.1,0.00
2019-10-7,59.6,56.3,90.1,5.6,30.0,0.00
2019-10-8,57.5,48.1,76.4,6.4,30.0,0.00
2019-10-9,55.2,41.5,65.1,2.7,30.1,0.00
2019-10-10,58.1,48.9,73.7,3.0,30.0,0.00
2019-10-11,64.0,55.0,75.6,4.5,29.9,0.00
2019-10-12,64.7,49.5,59.6,10.8,30.0,0.00
2019-10-13,60.5,48.4,67.7,4.3,30.1,0.00
2019-10-14,57.6,45.8,68.4,7.3,30.2,0.00
2019-10-15,55.3,42.4,63.3,4.5,30.3,0.00
2019-10-16,56.1,47.2,75.1,3.7,30.2,0.00
2019-10-17,59.0,47.1,68.6,4.6,30.2,0.00
2019-10-18,61.1,51.1,72.0,5.8,30.1,0.00
2019-10-19,61.6,53.2,76.6,4.8,30.1,0.00
2019-10-20,58.5,53.3,85.4,3.2,30.1,0.00
2019-10-21,59.1,51.5,79.4,3.2,30.0,0.00
2019-10-22,54.8,47.9,71.6,2.6,27.0,0.00
2019-10-23,61.8,51.5,71.3,5.7,30.0,0.00
2019-10-24,62.8,50.3,66.9,6.4,30.0,0.00
2019-10-25,61.0,50.5,70.3,7.0,30.0,0.00
2019-10-26,50.3,40.3,69.9,6.3,30.0,0.00
2019-10-27,49.5,40.0,73.1,3.5,30.0,0.00
2019-10-28,54.1,45.6,75.1,7.5,29.9,0.00
2019-10-29,55.0,44.2,70.0,6.3,29.9,0.00
2019-10-30,50.4,41.2,72.5,4.2,30.1,0.00
2019-10-31,56.9,51.1,80.9,8.3,30.1,0.00
2019-10-1,61.0,57.0,88.0,3.0,30.1,0.00
2019-11-1,45.9,37.3,62.6,2.9,24.9,0.00
2019-11-2,53.0,44.9,76.0,2.6,30.1,0.00
2019-11-3,48.4,40.5,66.5,3.1,26.4,0.00
2019-11-4,54.1,45.0,74.6,4.5,30.1,0.00
2019-11-5,51.3,45.2,82.4,3.7,30.0,0.00
2019-11-6,49.4,40.2,73.4,3.4,30.0,0.00
2019-11-7,47.0,30.0,57.8,6.4,30.0,0.00
2019-11-8,42.0,21.5,47.6,4.0,30.1,0.00
2019-11-9,45.6,32.5,65.3,3.2,30.1,0.00
2019-11-10,39.1,32.5,60.9,5.9,23.7,0.00
2019-11-11,52.3,46.0,80.3,7.1,29.8,0.00
2019-11-12,37.3,31.9,67.2,2.0,24.9,0.00
2019-11-13,38.5,35.3,71.3,7.2,24.4,0.00
2019-11-14,35.0,13.9,43.1,9.0,30.2,0.00
2019-11-15,31.4,28.6,61.4,5.0,21.3,0.00
2019-11-16,33.4,31.7,74.5,3.4,24.0,0.00
2019-11-17,37.4,35.6,73.6,5.6,24.0,0.00
2019-11-18,39.5,31.3,64.8,10.0,27.0,0.00
2019-11-19,33.6,22.0,63.1,6.3,30.2,0.00
2019-11-20,32.0,16.6,55.5,4.0,30.4,0.00
2019-11-21,38.0,24.7,61.8,3.6,30.4,0.00
2019-11-22,46.7,29.0,56.1,4.6,30.3,0.00
2019-11-23,49.6,40.2,71.0,3.8,30.2,0.00
2019-11-24,41.1,37.7,72.4,6.4,25.0,0.00
2019-11-25,34.3,24.9,68.9,9.5,30.3,0.00
2019-11-26,40.8,34.2,79.4,4.1,30.3,0.00
2019-11-27,36.4,24.6,64.7,8.5,30.3,0.00
2019-11-28,37.1,24.5,61.2,6.0,30.3,0.00
2019-11-29,32.8,18.9,59.2,5.2,30.4,0.00
2019-11-30,36.8,25.3,65.2,3.1,30.3,0.00
2019-12-1,37.9,34.6,81.0,4.3,28.0,0.00
2019-12-2,32.8,20.3,62.7,8.3,30.1,0.00
2019-12-3,30.7,22.7,65.9,4.8,28.0,0.00
2019-12-4,35.0,22.7,65.2,5.1,30.3,0.00
2019-12-5,25.4,6.3,45.8,11.3,30.5,0.00
2019-12-6,20.6,6.2,55.9,3.8,30.6,0.00
2019-12-7,27.1,19.6,67.3,4.5,28.2,0.00
2019-12-8,29.4,22.0,76.3,2.5,30.3,0.00
2019-12-9,38.8,29.0,68.6,7.5,30.1,0.00
2019-12-10,34.3,32.5,70.8,3.0,23.2,0.00
2019-12-11,40.5,33.1,69.7,9.9,27.8,0.00
2019-12-12,30.5,17.5,60.3,5.8,30.3,0.00
2019-12-13,33.5,23.0,63.7,6.3,29.1,0.00
2019-12-14,35.6,26.6,67.2,8.0,29.1,0.00
2019-12-15,37.1,28.9,75.3,3.2,30.3,0.00
2019-12-16,42.9,34.1,74.4,4.0,30.1,0.00
2019-12-17,40.1,37.0,74.5,6.6,25.5,0.00
2019-12-18,32.7,24.7,72.6,6.8,30.2,0.00
2019-12-19,30.0,17.5,61.1,6.2,30.2,0.00
2019-12-20,29.3,16.7,62.1,5.1,30.3,0.00
2019-12-21,25.4,21.2,70.9,4.6,25.8,0.00
2019-12-22,27.7,24.0,67.9,2.2,24.1,0.00
2019-12-23,27.5,25.4,66.9,4.5,22.4,0.00
2019-12-24,30.4,23.6,74.3,4.3,29.1,0.00
2019-12-25,31.4,24.4,74.8,2.9,29.0,0.00
2019-12-26,32.8,25.1,64.9,6.0,27.0,0.00
2019-12-27,28.1,17.1,66.8,4.0,30.2,0.00
2019-12-28,34.1,21.3,60.7,6.3,30.3,0.00
2019-12-29,39.3,26.0,60.5,7.4,30.2,0.00
2019-12-30,35.4,29.9,74.1,7.4,28.0,0.00
2019-12-31,18.7,4.0,53.9,10.3,30.5,0.00
